aut_id,exp_id,fold_aut_id,fold_exp_id,qe,ph,temp,ce,rpm,sa,fg_complexing,fg_polar,fg_any,ags_aged,ags_virgin,ph_missing,temp_missing,rpm_missing,sa_missing,metal_cd,metal_cr,metal_hg,ret_other,ret_pa,ret_pe,ret_pet,ret_pla,ret_pp,ret_ps,ret_pvc
AUT01,AUT01_EXP01,1,0,0.10368888,7.0,25.0,1.98948,30.0,,1,1,1,0,1,0,0,0,1,1,0,0,0,1,0,0,0,0,0,0
AUT01,AUT01_EXP01,1,0,0.11612876,7.0,25.0,3.99826,30.0,,1,1,1,0,1,0,0,0,1,1,0,0,0,1,0,0,0,0,0,0
AUT01,AUT01_EXP01,1,0,0.21069723,7.0,25.0,5.99008,30.0,,1,1,1,0,1,0,0,0,1,1,0,0,0,1,0,0,0,0,0,0
AUT01,AUT01_EXP01,1,0,0.20396954,7.0,25.0,7.98614,30.0,,1,1,1,0,1,0,0,0,1,1,0,0,0,1,0,0,0,0,0,0
AUT01,AUT01_EXP01,1,0,0.26261468,7.0,25.0,9.97796,30.0,,1,1,1,0,1,0,0,0,1,1,0,0,0,1,0,0,0,0,0,0
AUT01,AUT01_EXP01,1,0,0.26718443,7.0,25.0,14.97446,30.0,,1,1,1,0,1,0,0,0,1,1,0,0,0,1,0,0,0,0,0,0
AUT01,AUT01_EXP02,1,3,0.09873832,7.0,25.0,2.01067,30.0,0.99,1,1,1,0,1,0,0,0,0,1,0,0,0,0,0,0,0,1,0,0
AUT01,AUT01_EXP02,1,3,0.09734201,7.0,25.0,3.99826,30.0,0.99,1,1,1,0,1,0,0,0,0,1,0,0,0,0,0,0,0,1,0,0
AUT01,AUT01_EXP02,1,3,0.13542327,7.0,25.0,5.99855,30.0,0.99,1,1,1,0,1,0,0,0,0,1,0,0,0,0,0,0,0,1,0,0
AUT01,AUT01_EXP02,1,3,0.19241822,7.0,25.0,8.00733,30.0,0.99,1,1,1,0,1,0,0,0,0,1,0,0,0,0,0,0,0,1,0,0
AUT01,AUT01_EXP02,1,3,0.2007961,7.0,25.0,9.99491,30.0,0.99,1,1,1,0,1,0,0,0,0,1,0,0,0,0,0,0,0,1,0,0
AUT01,AUT01_EXP02,1,3,0.20435035,7.0,25.0,14.97446,30.0,0.99,1,1,1,0,1,0,0,0,0,1,0,0,0,0,0,0,0,1,0,0
AUT01,AUT01_EXP03,1,4,0.00455067,7.0,25.0,1.98101,30.0,8.53,1,1,1,0,1,0,0,0,0,1,0,0,0,0,0,0,0,0,1,0
AUT01,AUT01_EXP03,1,4,0.01013592,7.0,25.0,4.01097,30.0,8.53,1,1,1,0,1,0,0,0,0,1,0,0,0,0,0,0,0,0,1,0
AUT01,AUT01_EXP03,1,4,0.04352049,7.0,25.0,5.99008,30.0,8.53,1,1,1,0,1,0,0,0,0,1,0,0,0,0,0,0,0,0,1,0
AUT01,AUT01_EXP03,1,4,0.03400018,7.0,25.0,7.97766,30.0,8.53,1,1,1,0,1,0,0,0,0,1,0,0,0,0,0,0,0,0,1,0
AUT01,AUT01_EXP03,1,4,0.05659506,7.0,25.0,9.99491,30.0,8.53,1,1,1,0,1,0,0,0,0,1,0,0,0,0,0,0,0,0,1,0
AUT01,AUT01_EXP03,1,4,0.0557065,7.0,25.0,14.97446,30.0,8.53,1,1,1,0,1,0,0,0,0,1,0,0,0,0,0,0,0,0,1,0
AUT01,AUT01_EXP04,1,1,0.09581876,7.0,25.0,2.0022,30.0,0.53,1,1,1,0,1,0,0,0,0,1,0,0,0,0,1,0,0,0,0,0
AUT01,AUT01_EXP04,1,1,0.12057158,7.0,25.0,3.9813,30.0,0.53,1,1,1,0,1,0,0,0,0,1,0,0,0,0,1,0,0,0,0,0
AUT01,AUT01_EXP04,1,1,0.14697459,7.0,25.0,5.99008,30.0,0.53,1,1,1,0,1,0,0,0,0,1,0,0,0,0,1,0,0,0,0,0
AUT01,AUT01_EXP04,1,1,0.15979528,7.0,25.0,7.97766,30.0,0.53,1,1,1,0,1,0,0,0,0,1,0,0,0,0,1,0,0,0,0,0
AUT01,AUT01_EXP04,1,1,0.24065449,7.0,25.0,9.97796,30.0,0.53,1,1,1,0,1,0,0,0,0,1,0,0,0,0,1,0,0,0,0,0
AUT01,AUT01_EXP04,1,1,0.23329211,7.0,25.0,14.95328,30.0,0.53,1,1,1,0,1,0,0,0,0,1,0,0,0,0,1,0,0,0,0,0
AUT01,AUT01_EXP05,1,2,0.02295661,7.0,25.0,1.98948,30.0,2.99,1,1,1,0,1,0,0,0,0,1,0,0,0,0,0,0,0,0,0,1
AUT01,AUT01_EXP05,1,2,0.04644006,7.0,25.0,3.98978,30.0,2.99,1,1,1,0,1,0,0,0,0,1,0,0,0,0,0,0,0,0,0,1
AUT01,AUT01_EXP05,1,2,0.08452132,7.0,25.0,5.99855,30.0,2.99,1,1,1,0,1,0,0,0,0,1,0,0,0,0,0,0,0,0,0,1
AUT01,AUT01_EXP05,1,2,0.08452132,7.0,25.0,7.97766,30.0,2.99,1,1,1,0,1,0,0,0,0,1,0,0,0,0,0,0,0,0,0,1
AUT01,AUT01_EXP05,1,2,0.08832944,7.0,25.0,9.99491,30.0,2.99,1,1,1,0,1,0,0,0,0,1,0,0,0,0,0,0,0,0,0,1
AUT01,AUT01_EXP05,1,2,0.08807557,7.0,25.0,14.98294,30.0,2.99,1,1,1,0,1,0,0,0,0,1,0,0,0,0,0,0,0,0,0,1
AUT02,AUT02_EXP01,2,2,0.00350895,7.0,25.0,0.05914,150.0,0.173,0,0,0,0,1,0,0,0,0,1,0,0,0,0,1,0,0,0,0,0
AUT02,AUT02_EXP01,2,2,0.00290973,7.0,25.0,0.06468,150.0,0.173,0,0,0,0,1,0,0,0,0,1,0,0,0,0,1,0,0,0,0,0
AUT02,AUT02_EXP01,2,2,0.00917841,7.0,25.0,0.32473,150.0,0.173,0,0,0,0,1,0,0,0,0,1,0,0,0,0,1,0,0,0,0,0
AUT02,AUT02_EXP01,2,2,0.01570059,7.0,25.0,0.54829,150.0,0.173,0,0,0,0,1,0,0,0,0,1,0,0,0,0,1,0,0,0,0,0
AUT02,AUT02_EXP01,2,2,0.01556231,7.0,25.0,0.55643,150.0,0.173,0,0,0,0,1,0,0,0,0,1,0,0,0,0,1,0,0,0,0,0
AUT02,AUT02_EXP01,2,2,0.02150833,7.0,25.0,0.71449,150.0,0.173,0,0,0,0,1,0,0,0,0,1,0,0,0,0,1,0,0,0,0,0
AUT02,AUT02_EXP01,2,2,0.02176184,7.0,25.0,0.7272,150.0,0.173,0,0,0,0,1,0,0,0,0,1,0,0,0,0,1,0,0,0,0,0
AUT02,AUT02_EXP01,2,2,0.03273201,7.0,25.0,1.17626,150.0,0.173,0,0,0,0,1,0,0,0,0,1,0,0,0,0,1,0,0,0,0,0
AUT02,AUT02_EXP01,2,2,0.03383825,7.0,25.0,1.18441,150.0,0.173,0,0,0,0,1,0,0,0,0,1,0,0,0,0,1,0,0,0,0,0
AUT02,AUT02_EXP02,2,1,0.00530658,7.0,25.0,0.0562,150.0,0.348,0,0,0,0,1,0,0,0,0,1,0,0,0,0,0,0,0,1,0,0
AUT02,AUT02_EXP02,2,1,0.00576751,7.0,25.0,0.06728,150.0,0.348,0,0,0,0,1,0,0,0,0,1,0,0,0,0,0,0,0,1,0,0
AUT02,AUT02_EXP02,2,1,0.01208228,7.0,25.0,0.25173,150.0,0.348,0,0,0,0,1,0,0,0,0,1,0,0,0,0,0,0,0,1,0,0
AUT02,AUT02_EXP02,2,1,0.0112526,7.0,25.0,0.26347,150.0,0.348,0,0,0,0,1,0,0,0,0,1,0,0,0,0,0,0,0,1,0,0
AUT02,AUT02_EXP02,2,1,0.02072474,7.0,25.0,0.49549,150.0,0.348,0,0,0,0,1,0,0,0,0,1,0,0,0,0,0,0,0,1,0,0
AUT02,AUT02_EXP02,2,1,0.02047123,7.0,25.0,0.50722,150.0,0.348,0,0,0,0,1,0,0,0,0,1,0,0,0,0,0,0,0,1,0,0
AUT02,AUT02_EXP02,2,1,0.02660162,7.0,25.0,0.65974,150.0,0.348,0,0,0,0,1,0,0,0,0,1,0,0,0,0,0,0,0,1,0,0
AUT02,AUT02_EXP02,2,1,0.02750044,7.0,25.0,0.68255,150.0,0.348,0,0,0,0,1,0,0,0,0,1,0,0,0,0,0,0,0,1,0,0
AUT02,AUT02_EXP02,2,1,0.04054481,7.0,25.0,1.1554,150.0,0.348,0,0,0,0,1,0,0,0,0,1,0,0,0,0,0,0,0,1,0,0
AUT02,AUT02_EXP02,2,1,0.04176628,7.0,25.0,1.17528,150.0,0.348,0,0,0,0,1,0,0,0,0,1,0,0,0,0,0,0,0,1,0,0
AUT02,AUT02_EXP03,2,0,0.00717335,7.0,25.0,0.04545,150.0,0.508,0,0,0,0,1,0,0,0,0,1,0,0,0,0,0,0,0,0,1,0
AUT02,AUT02_EXP03,2,0,0.00756514,7.0,25.0,0.06011,150.0,0.508,0,0,0,0,1,0,0,0,0,1,0,0,0,0,0,0,0,0,1,0
AUT02,AUT02_EXP03,2,0,0.01620761,7.0,25.0,0.2198,150.0,0.508,0,0,0,0,1,0,0,0,0,1,0,0,0,0,0,0,0,0,1,0
AUT02,AUT02_EXP03,2,0,0.01512442,7.0,25.0,0.22794,150.0,0.508,0,0,0,0,1,0,0,0,0,1,0,0,0,0,0,0,0,0,1,0
AUT02,AUT02_EXP03,2,0,0.02581804,7.0,25.0,0.44596,150.0,0.508,0,0,0,0,1,0,0,0,0,1,0,0,0,0,0,0,0,0,1,0
AUT02,AUT02_EXP03,2,0,0.02538015,7.0,25.0,0.4717,150.0,0.508,0,0,0,0,1,0,0,0,0,1,0,0,0,0,0,0,0,0,1,0
AUT02,AUT02_EXP03,2,0,0.03151055,7.0,25.0,0.59945,150.0,0.508,0,0,0,0,1,0,0,0,0,1,0,0,0,0,0,0,0,0,1,0
AUT02,AUT02_EXP03,2,0,0.03137227,7.0,25.0,0.63497,150.0,0.508,0,0,0,0,1,0,0,0,0,1,0,0,0,0,0,0,0,0,1,0
AUT02,AUT02_EXP03,2,0,0.04685957,7.0,25.0,1.10587,150.0,0.508,0,0,0,0,1,0,0,0,0,1,0,0,0,0,0,0,0,0,1,0
AUT02,AUT02_EXP03,2,0,0.0456381,7.0,25.0,1.15997,150.0,0.508,0,0,0,0,1,0,0,0,0,1,0,0,0,0,0,0,0,0,1,0
AUT02,AUT02_EXP04,2,3,0.00931669,7.0,25.0,0.04252,150.0,0.836,0,0,0,0,1,0,0,0,0,1,0,0,0,0,0,0,0,0,0,1
AUT02,AUT02_EXP04,2,3,0.0085331,7.0,25.0,0.05457,150.0,0.836,0,0,0,0,1,0,0,0,0,1,0,0,0,0,0,0,0,0,0,1
AUT02,AUT02_EXP04,2,3,0.02047123,7.0,25.0,0.19959,150.0,0.836,0,0,0,0,1,0,0,0,0,1,0,0,0,0,0,0,0,0,0,1
AUT02,AUT02_EXP04,2,3,0.02201535,7.0,25.0,0.21686,150.0,0.836,0,0,0,0,1,0,0,0,0,1,0,0,0,0,0,0,0,0,0,1
AUT02,AUT02_EXP04,2,3,0.03035822,7.0,25.0,0.39414,150.0,0.836,0,0,0,0,1,0,0,0,0,1,0,0,0,0,0,0,0,0,0,1
AUT02,AUT02_EXP04,2,3,0.03293943,7.0,25.0,0.40229,150.0,0.836,0,0,0,0,1,0,0,0,0,1,0,0,0,0,0,0,0,0,0,1
AUT02,AUT02_EXP04,2,3,0.04137448,7.0,25.0,0.64507,150.0,0.836,0,0,0,0,1,0,0,0,0,1,0,0,0,0,0,0,0,0,0,1
AUT02,AUT02_EXP04,2,3,0.05782974,7.0,25.0,1.10522,150.0,0.836,0,0,0,0,1,0,0,0,0,1,0,0,0,0,0,0,0,0,0,1
AUT02,AUT02_EXP04,2,3,0.06087189,7.0,25.0,1.13781,150.0,0.836,0,0,0,0,1,0,0,0,0,1,0,0,0,0,0,0,0,0,0,1
AUT03,AUT03_EXP01,2,2,0.01067145,4.0,25.0,0.05851,120.0,,1,1,1,0,1,0,0,0,1,1,0,0,0,0,0,0,0,0,1,0
AUT03,AUT03_EXP01,2,2,0.01322285,4.0,25.0,0.33093,120.0,,1,1,1,0,1,0,0,0,1,1,0,0,0,0,0,0,0,0,1,0
AUT03,AUT03_EXP01,2,2,0.01426355,4.0,25.0,0.76681,120.0,,1,1,1,0,1,0,0,0,1,1,0,0,0,0,0,0,0,0,1,0
AUT03,AUT03_EXP01,2,2,0.01614353,4.0,25.0,1.12729,120.0,,1,1,1,0,1,0,0,0,1,1,0,0,0,0,0,0,0,0,1,0
AUT03,AUT03_EXP01,2,2,0.02084347,4.0,25.0,1.78936,120.0,,1,1,1,0,1,0,0,0,1,1,0,0,0,0,0,0,0,0,1,0
AUT03,AUT03_EXP02,2,3,0.01567353,4.0,25.0,0.05961,120.0,,1,1,1,1,0,0,0,0,1,1,0,0,0,0,0,0,0,0,1,0
AUT03,AUT03_EXP02,2,3,0.02215274,4.0,25.0,0.33258,120.0,,1,1,1,1,0,0,0,0,1,1,0,0,0,0,0,0,0,0,1,0
AUT03,AUT03_EXP02,2,3,0.02665126,4.0,25.0,0.76681,120.0,,1,1,1,1,0,0,0,0,1,1,0,0,0,0,0,0,0,0,1,0
AUT03,AUT03_EXP02,2,3,0.03192192,4.0,25.0,1.12729,120.0,,1,1,1,1,0,0,0,0,1,1,0,0,0,0,0,0,0,0,1,0
AUT03,AUT03_EXP02,2,3,0.04441035,4.0,25.0,1.78936,120.0,,1,1,1,1,0,0,0,0,1,1,0,0,0,0,0,0,0,0,1,0
AUT03,AUT03_EXP03,2,1,0.01997063,4.0,25.0,0.05851,120.0,,1,1,1,1,0,0,0,0,1,1,0,0,0,0,0,0,0,0,1,0
AUT03,AUT03_EXP03,2,1,0.0259127,4.0,25.0,0.33423,120.0,,1,1,1,1,0,0,0,0,1,1,0,0,0,0,0,0,0,0,1,0
AUT03,AUT03_EXP03,2,1,0.03396975,4.0,25.0,0.76516,120.0,,1,1,1,1,0,0,0,0,1,1,0,0,0,0,0,0,0,0,1,0
AUT03,AUT03_EXP03,2,1,0.04048253,4.0,25.0,1.12894,120.0,,1,1,1,1,0,0,0,0,1,1,0,0,0,0,0,0,0,0,1,0
AUT03,AUT03_EXP03,2,1,0.05464952,4.0,25.0,1.79431,120.0,,1,1,1,1,0,0,0,0,1,1,0,0,0,0,0,0,0,0,1,0
AUT03,AUT03_EXP04,2,0,0.02262274,4.0,25.0,0.05851,120.0,,1,1,1,1,0,0,0,0,1,1,0,0,0,0,0,0,0,0,1,0
AUT03,AUT03_EXP04,2,0,0.03088122,4.0,25.0,0.33093,120.0,,1,1,1,1,0,0,0,0,1,1,0,0,0,0,0,0,0,0,1,0
AUT03,AUT03_EXP04,2,0,0.0401804,4.0,25.0,0.77011,120.0,,1,1,1,1,0,0,0,0,1,1,0,0,0,0,0,0,0,0,1,0
AUT03,AUT03_EXP04,2,0,0.04723031,4.0,25.0,1.12564,120.0,,1,1,1,1,0,0,0,0,1,1,0,0,0,0,0,0,0,0,1,0
AUT03,AUT03_EXP04,2,0,0.06660081,4.0,25.0,1.79101,120.0,,1,1,1,1,0,0,0,0,1,1,0,0,0,0,0,0,0,0,1,0
AUT03,AUT03_EXP05,2,4,0.02561056,4.0,25.0,0.05686,120.0,,1,1,1,1,0,0,0,0,1,1,0,0,0,0,0,0,0,0,1,0
AUT03,AUT03_EXP05,2,4,0.03323119,4.0,25.0,0.32928,120.0,,1,1,1,1,0,0,0,0,1,1,0,0,0,0,0,0,0,0,1,0
AUT03,AUT03_EXP05,2,4,0.04649175,4.0,25.0,0.76351,120.0,,1,1,1,1,0,0,0,0,1,1,0,0,0,0,0,0,0,0,1,0
AUT03,AUT03_EXP05,2,4,0.05589164,4.0,25.0,1.12729,120.0,,1,1,1,1,0,0,0,0,1,1,0,0,0,0,0,0,0,0,1,0
AUT03,AUT03_EXP05,2,4,0.07747783,4.0,25.0,1.79431,120.0,,1,1,1,1,0,0,0,0,1,1,0,0,0,0,0,0,0,0,1,0
AUT03,AUT03_EXP06,2,2,0.03836111,4.0,25.0,0.06942,120.0,,1,1,1,1,0,0,0,0,1,1,0,0,0,0,0,0,0,0,1,0
AUT03,AUT03_EXP06,2,2,0.06565152,4.0,25.0,0.33844,120.0,,1,1,1,1,0,0,0,0,1,1,0,0,0,0,0,0,0,0,1,0
AUT03,AUT03_EXP06,2,2,0.09826412,4.0,25.0,0.76713,120.0,,1,1,1,1,0,0,0,0,1,1,0,0,0,0,0,0,0,0,1,0
AUT03,AUT03_EXP06,2,2,0.12295006,4.0,25.0,1.12528,120.0,,1,1,1,1,0,0,0,0,1,1,0,0,0,0,0,0,0,0,1,0
AUT03,AUT03_EXP06,2,2,0.16926448,4.0,25.0,1.78363,120.0,,1,1,1,1,0,0,0,0,1,1,0,0,0,0,0,0,0,0,1,0
AUT03,AUT03_EXP07,2,3,0.04085235,4.0,25.0,0.06942,120.0,,1,1,1,1,0,0,0,0,1,1,0,0,0,0,0,0,0,0,1,0
AUT03,AUT03_EXP07,2,3,0.07165314,4.0,25.0,0.33844,120.0,,1,1,1,1,0,0,0,0,1,1,0,0,0,0,0,0,0,0,1,0
AUT03,AUT03_EXP07,2,3,0.10743642,4.0,25.0,0.77041,120.0,,1,1,1,1,0,0,0,0,1,1,0,0,0,0,0,0,0,0,1,0
AUT03,AUT03_EXP07,2,3,0.13472683,4.0,25.0,1.12692,120.0,,1,1,1,1,0,0,0,0,1,1,0,0,0,0,0,0,0,0,1,0
AUT03,AUT03_EXP07,2,3,0.18670317,4.0,25.0,1.78636,120.0,,1,1,1,1,0,0,0,0,1,1,0,0,0,0,0,0,0,0,1,0
AUT03,AUT03_EXP08,2,1,0.04753341,4.0,25.0,0.06778,120.0,,1,1,1,1,0,0,0,0,1,1,0,0,0,0,0,0,0,0,1,0
AUT03,AUT03_EXP08,2,1,0.07856068,4.0,25.0,0.33735,120.0,,1,1,1,1,0,0,0,0,1,1,0,0,0,0,0,0,0,0,1,0
AUT03,AUT03_EXP08,2,1,0.12362948,4.0,25.0,0.77041,120.0,,1,1,1,1,0,0,0,0,1,1,0,0,0,0,0,0,0,0,1,0
AUT03,AUT03_EXP08,2,1,0.15850685,4.0,25.0,1.12692,120.0,,1,1,1,1,0,0,0,0,1,1,0,0,0,0,0,0,0,0,1,0
AUT03,AUT03_EXP08,2,1,0.21580539,4.0,25.0,1.78363,120.0,,1,1,1,1,0,0,0,0,1,1,0,0,0,0,0,0,0,0,1,0
AUT03,AUT03_EXP09,2,0,0.05512037,4.0,25.0,0.06614,120.0,,1,1,1,1,0,0,0,0,1,1,0,0,0,0,0,0,0,0,1,0
AUT03,AUT03_EXP09,2,0,0.08467554,4.0,25.0,0.34172,120.0,,1,1,1,1,0,0,0,0,1,1,0,0,0,0,0,0,0,0,1,0
AUT03,AUT03_EXP09,2,0,0.13699159,4.0,25.0,0.77151,120.0,,1,1,1,1,0,0,0,0,1,1,0,0,0,0,0,0,0,0,1,0
AUT03,AUT03_EXP09,2,0,0.17719116,4.0,25.0,1.12692,120.0,,1,1,1,1,0,0,0,0,1,1,0,0,0,0,0,0,0,0,1,0
AUT03,AUT03_EXP09,2,0,0.23901922,4.0,25.0,1.78636,120.0,,1,1,1,1,0,0,0,0,1,1,0,0,0,0,0,0,0,0,1,0
AUT04,AUT04_EXP01,2,1,0.0073605,4.0,25.0,0.06437,150.0,,1,1,1,0,1,0,0,0,1,1,0,0,0,0,0,0,0,0,1,0
AUT04,AUT04_EXP01,2,1,0.00818073,4.0,25.0,0.07244,150.0,,1,1,1,0,1,0,0,0,1,1,0,0,0,0,0,0,0,0,1,0
AUT04,AUT04_EXP01,2,1,0.02115061,4.0,25.0,0.30265,150.0,,1,1,1,0,1,0,0,0,1,1,0,0,0,0,0,0,0,0,1,0
AUT04,AUT04_EXP01,2,1,0.02243222,4.0,25.0,0.3118,150.0,,1,1,1,0,1,0,0,0,1,1,0,0,0,0,0,0,0,0,1,0
AUT04,AUT04_EXP01,2,1,0.03494071,4.0,25.0,0.52211,150.0,,1,1,1,0,1,0,0,0,1,1,0,0,0,0,0,0,0,0,1,0
AUT04,AUT04_EXP01,2,1,0.03601726,4.0,25.0,0.59687,150.0,,1,1,1,0,1,0,0,0,1,1,0,0,0,0,0,0,0,0,1,0
AUT04,AUT04_EXP01,2,1,0.04386071,4.0,25.0,0.80019,150.0,,1,1,1,0,1,0,0,0,1,1,0,0,0,0,0,0,0,0,1,0
AUT04,AUT04_EXP01,2,1,0.04437335,4.0,25.0,0.80449,150.0,,1,1,1,0,1,0,0,0,1,1,0,0,0,0,0,0,0,0,1,0
AUT04,AUT04_EXP01,2,1,0.05560024,4.0,25.0,1.20575,150.0,,1,1,1,0,1,0,0,0,1,1,0,0,0,0,0,0,0,0,1,0
AUT04,AUT04_EXP01,2,1,0.05452369,4.0,25.0,1.23856,150.0,,1,1,1,0,1,0,0,0,1,1,0,0,0,0,0,0,0,0,1,0
AUT04,AUT04_EXP02,2,0,0.00833452,4.0,25.0,0.0676,150.0,,1,1,1,1,0,0,0,0,1,1,0,0,0,0,0,0,0,0,1,0
AUT04,AUT04_EXP02,2,0,0.00961613,4.0,25.0,0.07029,150.0,,1,1,1,1,0,0,0,0,1,1,0,0,0,0,0,0,0,0,1,0
AUT04,AUT04_EXP02,2,0,0.02643083,4.0,25.0,0.30373,150.0,,1,1,1,1,0,0,0,0,1,1,0,0,0,0,0,0,0,0,1,0
AUT04,AUT04_EXP02,2,0,0.02704601,4.0,25.0,0.31395,150.0,,1,1,1,1,0,0,0,0,1,1,0,0,0,0,0,0,0,0,1,0
AUT04,AUT04_EXP02,2,0,0.0411437,4.0,25.0,0.52211,150.0,,1,1,1,1,0,0,0,0,1,1,0,0,0,0,0,0,0,0,1,0
AUT04,AUT04_EXP02,2,0,0.03986209,4.0,25.0,0.59795,150.0,,1,1,1,1,0,0,0,0,1,1,0,0,0,0,0,0,0,0,1,0
AUT04,AUT04_EXP02,2,0,0.05129403,4.0,25.0,0.80127,150.0,,1,1,1,1,0,0,0,0,1,1,0,0,0,0,0,0,0,0,1,0
AUT04,AUT04_EXP02,2,0,0.05098645,4.0,25.0,0.80449,150.0,,1,1,1,1,0,0,0,0,1,1,0,0,0,0,0,0,0,0,1,0
AUT04,AUT04_EXP02,2,0,0.06636575,4.0,25.0,1.2036,150.0,,1,1,1,1,0,0,0,0,1,1,0,0,0,0,0,0,0,0,1,0
AUT04,AUT04_EXP02,2,0,0.0674423,4.0,25.0,1.24071,150.0,,1,1,1,1,0,0,0,0,1,1,0,0,0,0,0,0,0,0,1,0
AUT04,AUT04_EXP03,2,4,0.01079521,4.0,25.0,0.06222,150.0,,1,1,1,1,0,0,0,0,1,1,0,0,0,0,0,0,0,0,1,0
AUT04,AUT04_EXP03,2,4,0.01120533,4.0,25.0,0.06437,150.0,,1,1,1,1,0,0,0,0,1,1,0,0,0,0,0,0,0,0,1,0
AUT04,AUT04_EXP03,2,4,0.03263382,4.0,25.0,0.3005,150.0,,1,1,1,1,0,0,0,0,1,1,0,0,0,0,0,0,0,0,1,0
AUT04,AUT04_EXP03,2,4,0.03289014,4.0,25.0,0.31449,150.0,,1,1,1,1,0,0,0,0,1,1,0,0,0,0,0,0,0,0,1,0
AUT04,AUT04_EXP03,2,4,0.04837197,4.0,25.0,0.52533,150.0,,1,1,1,1,0,0,0,0,1,1,0,0,0,0,0,0,0,0,1,0
AUT04,AUT04_EXP03,2,4,0.04924346,4.0,25.0,0.59902,150.0,,1,1,1,1,0,0,0,0,1,1,0,0,0,0,0,0,0,0,1,0
AUT04,AUT04_EXP03,2,4,0.06021403,4.0,25.0,0.79911,150.0,,1,1,1,1,0,0,0,0,1,1,0,0,0,0,0,0,0,0,1,0
AUT04,AUT04_EXP03,2,4,0.05980391,4.0,25.0,0.80611,150.0,,1,1,1,1,0,0,0,0,1,1,0,0,0,0,0,0,0,0,1,0
AUT04,AUT04_EXP03,2,4,0.07948942,4.0,25.0,1.20575,150.0,,1,1,1,1,0,0,0,0,1,1,0,0,0,0,0,0,0,0,1,0
AUT04,AUT04_EXP03,2,4,0.08112987,4.0,25.0,1.23856,150.0,,1,1,1,1,0,0,0,0,1,1,0,0,0,0,0,0,0,0,1,0
AUT04,AUT04_EXP04,2,0,0.01274326,4.0,25.0,0.06545,150.0,,1,1,1,1,0,0,0,0,1,1,0,0,0,0,0,0,0,0,1,0
AUT04,AUT04_EXP04,2,0,0.01264073,4.0,25.0,0.06867,150.0,,1,1,1,1,0,0,0,0,1,1,0,0,0,0,0,0,0,0,1,0
AUT04,AUT04_EXP04,2,0,0.0374014,4.0,25.0,0.30158,150.0,,1,1,1,1,0,0,0,0,1,1,0,0,0,0,0,0,0,0,1,0
AUT04,AUT04_EXP04,2,0,0.0395545,4.0,25.0,0.31449,150.0,,1,1,1,1,0,0,0,0,1,1,0,0,0,0,0,0,0,0,1,0
AUT04,AUT04_EXP04,2,0,0.05903495,4.0,25.0,0.51888,150.0,,1,1,1,1,0,0,0,0,1,1,0,0,0,0,0,0,0,0,1,0
AUT04,AUT04_EXP04,2,0,0.0572407,4.0,25.0,0.6001,150.0,,1,1,1,1,0,0,0,0,1,1,0,0,0,0,0,0,0,0,1,0
AUT04,AUT04_EXP04,2,0,0.07241494,4.0,25.0,0.80234,150.0,,1,1,1,1,0,0,0,0,1,1,0,0,0,0,0,0,0,0,1,0
AUT04,AUT04_EXP04,2,0,0.0731839,4.0,25.0,0.80342,150.0,,1,1,1,1,0,0,0,0,1,1,0,0,0,0,0,0,0,0,1,0
AUT04,AUT04_EXP04,2,0,0.09327952,4.0,25.0,1.20252,150.0,,1,1,1,1,0,0,0,0,1,1,0,0,0,0,0,0,0,0,1,0
AUT04,AUT04_EXP04,2,0,0.09266435,4.0,25.0,1.23856,150.0,,1,1,1,1,0,0,0,0,1,1,0,0,0,0,0,0,0,0,1,0
AUT04,AUT04_EXP05,2,3,0.01029889,4.0,25.0,0.05677,150.0,,1,1,1,1,0,0,0,0,1,1,0,0,0,0,0,0,0,0,1,0
AUT04,AUT04_EXP05,2,3,0.0103754,4.0,25.0,0.05677,150.0,,1,1,1,1,0,0,0,0,1,1,0,0,0,0,0,0,0,0,1,0
AUT04,AUT04_EXP05,2,3,0.03179709,4.0,25.0,0.25381,150.0,,1,1,1,1,0,0,0,0,1,1,0,0,0,0,0,0,0,0,1,0
AUT04,AUT04_EXP05,2,3,0.03256215,4.0,25.0,0.26049,150.0,,1,1,1,1,0,0,0,0,1,1,0,0,0,0,0,0,0,0,1,0
AUT04,AUT04_EXP05,2,3,0.05122963,4.0,25.0,0.43214,150.0,,1,1,1,1,0,0,0,0,1,1,0,0,0,0,0,0,0,0,1,0
AUT04,AUT04_EXP05,2,3,0.05107662,4.0,25.0,0.45485,150.0,,1,1,1,1,0,0,0,0,1,1,0,0,0,0,0,0,0,0,1,0
AUT04,AUT04_EXP05,2,3,0.06194048,4.0,25.0,0.66724,150.0,,1,1,1,1,0,0,0,0,1,1,0,0,0,0,0,0,0,0,1,0
AUT04,AUT04_EXP05,2,3,0.06217,4.0,25.0,0.66991,150.0,,1,1,1,1,0,0,0,0,1,1,0,0,0,0,0,0,0,0,1,0
AUT04,AUT04_EXP05,2,3,0.08305615,4.0,25.0,1.0219,150.0,,1,1,1,1,0,0,0,0,1,1,0,0,0,0,0,0,0,0,1,0
AUT04,AUT04_EXP05,2,3,0.0836682,4.0,25.0,1.03192,150.0,,1,1,1,1,0,0,0,0,1,1,0,0,0,0,0,0,0,0,1,0
AUT04,AUT04_EXP06,2,1,0.01114046,4.0,25.0,0.0521,150.0,,1,1,1,1,0,0,0,0,1,1,0,0,0,0,0,0,0,0,1,0
AUT04,AUT04_EXP06,2,1,0.01129347,4.0,25.0,0.0521,150.0,,1,1,1,1,0,0,0,0,1,1,0,0,0,0,0,0,0,0,1,0
AUT04,AUT04_EXP06,2,1,0.03554589,4.0,25.0,0.25247,150.0,,1,1,1,1,0,0,0,0,1,1,0,0,0,0,0,0,0,0,1,0
AUT04,AUT04_EXP06,2,1,0.03615794,4.0,25.0,0.25581,150.0,,1,1,1,1,0,0,0,0,1,1,0,0,0,0,0,0,0,0,1,0
AUT04,AUT04_EXP06,2,1,0.0532953,4.0,25.0,0.43481,150.0,,1,1,1,1,0,0,0,0,1,1,0,0,0,0,0,0,0,0,1,0
AUT04,AUT04_EXP06,2,1,0.05291277,4.0,25.0,0.45819,150.0,,1,1,1,1,0,0,0,0,1,1,0,0,0,0,0,0,0,0,1,0
AUT04,AUT04_EXP06,2,1,0.06515374,4.0,25.0,0.66724,150.0,,1,1,1,1,0,0,0,0,1,1,0,0,0,0,0,0,0,0,1,0
AUT04,AUT04_EXP06,2,1,0.06484771,4.0,25.0,0.66858,150.0,,1,1,1,1,0,0,0,0,1,1,0,0,0,0,0,0,0,0,1,0
AUT04,AUT04_EXP06,2,1,0.08680495,4.0,25.0,1.0219,150.0,,1,1,1,1,0,0,0,0,1,1,0,0,0,0,0,0,0,0,1,0
AUT04,AUT04_EXP06,2,1,0.08550435,4.0,25.0,1.03526,150.0,,1,1,1,1,0,0,0,0,1,1,0,0,0,0,0,0,0,0,1,0
AUT04,AUT04_EXP07,2,2,0.01335913,4.0,25.0,0.05477,150.0,,1,1,1,1,0,0,0,0,1,1,0,0,0,0,0,0,0,0,1,0
AUT04,AUT04_EXP07,2,2,0.01335913,4.0,25.0,0.05544,150.0,,1,1,1,1,0,0,0,0,1,1,0,0,0,0,0,0,0,0,1,0
AUT04,AUT04_EXP07,2,2,0.03799408,4.0,25.0,0.25381,150.0,,1,1,1,1,0,0,0,0,1,1,0,0,0,0,0,0,0,0,1,0
AUT04,AUT04_EXP07,2,2,0.03960071,4.0,25.0,0.26049,150.0,,1,1,1,1,0,0,0,0,1,1,0,0,0,0,0,0,0,0,1,0
AUT04,AUT04_EXP07,2,2,0.05895675,4.0,25.0,0.43481,150.0,,1,1,1,1,0,0,0,0,1,1,0,0,0,0,0,0,0,0,1,0
AUT04,AUT04_EXP07,2,2,0.05765614,4.0,25.0,0.45819,150.0,,1,1,1,1,0,0,0,0,1,1,0,0,0,0,0,0,0,0,1,0
AUT04,AUT04_EXP07,2,2,0.07257482,4.0,25.0,0.66858,150.0,,1,1,1,1,0,0,0,0,1,1,0,0,0,0,0,0,0,0,1,0
AUT04,AUT04_EXP07,2,2,0.0734929,4.0,25.0,0.66858,150.0,,1,1,1,1,0,0,0,0,1,1,0,0,0,0,0,0,0,0,1,0
AUT04,AUT04_EXP07,2,2,0.09346098,4.0,25.0,1.02257,150.0,,1,1,1,1,0,0,0,0,1,1,0,0,0,0,0,0,0,0,1,0
AUT04,AUT04_EXP07,2,2,0.09307845,4.0,25.0,1.03392,150.0,,1,1,1,1,0,0,0,0,1,1,0,0,0,0,0,0,0,0,1,0
AUT05,AUT05_EXP01,1,3,5.395475414,6.5,25.0,18.3722904,20.0,2.3,0,0,0,0,1,0,0,0,0,1,0,0,1,0,0,0,0,0,0,0
AUT05,AUT05_EXP01,1,3,6.979102997,6.5,25.0,33.9759225,20.0,2.3,0,0,0,0,1,0,0,0,0,1,0,0,1,0,0,0,0,0,0,0
AUT05,AUT05_EXP01,1,3,7.962542116,6.5,25.0,49.1726304,20.0,2.3,0,0,0,0,1,0,0,0,0,1,0,0,1,0,0,0,0,0,0,0
AUT05,AUT05_EXP01,1,3,8.569960792,6.5,25.0,61.870464,20.0,2.3,0,0,0,0,1,0,0,0,0,1,0,0,1,0,0,0,0,0,0,0
AUT05,AUT05_EXP01,1,3,10.03065905,6.5,25.0,76.2521994,20.0,2.3,0,0,0,0,1,0,0,0,0,1,0,0,1,0,0,0,0,0,0,0
AUT05,AUT05_EXP02,1,1,1.989591802,6.5,25.0,24.0321339,20.0,8.9,0,0,0,0,1,0,0,0,0,1,0,0,0,0,0,0,0,0,0,1
AUT05,AUT05_EXP02,1,1,3.450288934,6.5,25.0,38.2598676,20.0,8.9,0,0,0,0,1,0,0,0,0,1,0,0,0,0,0,0,0,0,0,1
AUT05,AUT05_EXP02,1,1,5.033916518,6.5,25.0,50.3461908,20.0,8.9,0,0,0,0,1,0,0,0,0,1,0,0,0,0,0,0,0,0,0,1
AUT05,AUT05_EXP02,1,1,5.518404742,6.5,25.0,62.7888537,20.0,8.9,0,0,0,0,1,0,0,0,0,1,0,0,0,0,0,0,0,0,0,1
AUT05,AUT05_EXP02,1,1,7.405741663,6.5,25.0,76.2521994,20.0,8.9,0,0,0,0,1,0,0,0,0,1,0,0,0,0,0,0,0,0,0,1
AUT05,AUT05_EXP03,1,2,3.609374938,6.5,25.0,23.2677459,20.0,3.1,0,0,0,0,1,0,0,0,0,1,0,0,1,0,0,0,0,0,0,0
AUT05,AUT05_EXP03,1,2,4.30356739,6.5,25.0,38.8725021,20.0,3.1,0,0,0,0,1,0,0,0,0,1,0,0,1,0,0,0,0,0,0,0
AUT05,AUT05_EXP03,1,2,4.520502952,6.5,25.0,50.7025305,20.0,3.1,0,0,0,0,1,0,0,0,0,1,0,0,1,0,0,0,0,0,0,0
AUT05,AUT05_EXP03,1,2,4.802518284,6.5,25.0,62.8911468,20.0,3.1,0,0,0,0,1,0,0,0,0,1,0,0,1,0,0,0,0,0,0,0
AUT05,AUT05_EXP03,1,2,5.503943195,6.5,25.0,75.4866873,20.0,3.1,0,0,0,0,1,0,0,0,0,1,0,0,1,0,0,0,0,0,0,0
AUT05,AUT05_EXP04,1,0,0.34811466,6.5,25.0,25.4091564,20.0,1.3,0,0,0,0,1,0,0,0,0,1,0,0,1,0,0,0,0,0,0,0
AUT05,AUT05_EXP04,1,0,1.432791349,6.5,25.0,40.1472315,20.0,1.3,0,0,0,0,1,0,0,0,0,1,0,0,1,0,0,0,0,0,0,0
AUT05,AUT05_EXP04,1,0,2.488542697,6.5,25.0,52.8450651,20.0,1.3,0,0,0,0,1,0,0,0,0,1,0,0,1,0,0,0,0,0,0,0
AUT05,AUT05_EXP04,1,0,3.949239829,6.5,25.0,63.1463175,20.0,1.3,0,0,0,0,1,0,0,0,0,1,0,0,1,0,0,0,0,0,0,0
AUT05,AUT05_EXP04,1,0,4.968835624,6.5,25.0,77.6280978,20.0,1.3,0,0,0,0,1,0,0,0,0,1,0,0,1,0,0,0,0,0,0,0
AUT06,AUT06_EXP01,4,2,0.04572439,7.0,25.0,0.05451,160.0,,1,1,1,0,1,0,0,0,1,1,0,0,0,0,0,0,0,0,1,0
AUT06,AUT06_EXP01,4,2,0.05918012,7.0,25.0,0.24116,160.0,,1,1,1,0,1,0,0,0,1,1,0,0,0,0,0,0,0,0,1,0
AUT06,AUT06_EXP01,4,2,0.12209475,7.0,25.0,0.38089,160.0,,1,1,1,0,1,0,0,0,1,1,0,0,0,0,0,0,0,0,1,0
AUT06,AUT06_EXP01,4,2,0.16100727,7.0,25.0,0.83791,160.0,,1,1,1,0,1,0,0,0,1,1,0,0,0,0,0,0,0,0,1,0
AUT06,AUT06_EXP01,4,2,0.26465277,7.0,25.0,1.23188,160.0,,1,1,1,0,1,0,0,0,1,1,0,0,0,0,0,0,0,0,1,0
AUT06,AUT06_EXP01,4,2,0.36757093,7.0,25.0,1.62888,160.0,,1,1,1,0,1,0,0,0,1,1,0,0,0,0,0,0,0,0,1,0
AUT06,AUT06_EXP02,4,3,0.0479064,7.0,25.0,0.05149,160.0,,1,1,1,1,0,0,0,0,1,1,0,0,0,0,0,0,0,0,1,0
AUT06,AUT06_EXP02,4,3,0.13445948,7.0,25.0,0.16448,160.0,,1,1,1,1,0,0,0,0,1,1,0,0,0,0,0,0,0,0,1,0
AUT06,AUT06_EXP02,4,3,0.24646935,7.0,25.0,0.25377,160.0,,1,1,1,1,0,0,0,0,1,1,0,0,0,0,0,0,0,0,1,0
AUT06,AUT06_EXP02,4,3,0.34611449,7.0,25.0,0.65026,160.0,,1,1,1,1,0,0,0,0,1,1,0,0,0,0,0,0,0,0,1,0
AUT06,AUT06_EXP02,4,3,0.56286086,7.0,25.0,0.93577,160.0,,1,1,1,1,0,0,0,0,1,1,0,0,0,0,0,0,0,0,1,0
AUT06,AUT06_EXP02,4,3,0.6545053,7.0,25.0,1.34336,160.0,,1,1,1,1,0,0,0,0,1,1,0,0,0,0,0,0,0,0,1,0
AUT06,AUT06_EXP03,4,0,0.03663268,7.0,25.0,0.06309,160.0,,1,1,1,0,1,0,0,0,1,1,0,0,0,0,0,0,0,0,0,1
AUT06,AUT06_EXP03,4,0,0.07227218,7.0,25.0,0.22955,160.0,,1,1,1,0,1,0,0,0,1,1,0,0,0,0,0,0,0,0,0,1
AUT06,AUT06_EXP03,4,0,0.13955084,7.0,25.0,0.36071,160.0,,1,1,1,0,1,0,0,0,1,1,0,0,0,0,0,0,0,0,0,1
AUT06,AUT06_EXP03,4,0,0.19737411,7.0,25.0,0.79856,160.0,,1,1,1,0,1,0,0,0,1,1,0,0,0,0,0,0,0,0,0,1
AUT06,AUT06_EXP03,4,0,0.3552062,7.0,25.0,1.14613,160.0,,1,1,1,0,1,0,0,0,1,1,0,0,0,0,0,0,0,0,0,1
AUT06,AUT06_EXP03,4,0,0.40102842,7.0,25.0,1.59205,160.0,,1,1,1,0,1,0,0,0,1,1,0,0,0,0,0,0,0,0,0,1
AUT06,AUT06_EXP04,4,1,0.06608982,7.0,25.0,0.03888,160.0,,1,1,1,1,0,0,0,0,1,1,0,0,0,0,0,0,0,0,0,1
AUT06,AUT06_EXP04,4,1,0.14355119,7.0,25.0,0.15742,160.0,,1,1,1,1,0,0,0,0,1,1,0,0,0,0,0,0,0,0,0,1
AUT06,AUT06_EXP04,4,1,0.21264819,7.0,25.0,0.28908,160.0,,1,1,1,1,0,0,0,0,1,1,0,0,0,0,0,0,0,0,0,1
AUT06,AUT06_EXP04,4,1,0.41630249,7.0,25.0,0.5867,160.0,,1,1,1,1,0,0,0,0,1,1,0,0,0,0,0,0,0,0,0,1
AUT06,AUT06_EXP04,4,1,0.63123052,7.0,25.0,0.8707,160.0,,1,1,1,1,0,0,0,0,1,1,0,0,0,0,0,0,0,0,0,1
AUT06,AUT06_EXP04,4,1,0.75633245,7.0,25.0,1.245,160.0,,1,1,1,1,0,0,0,0,1,1,0,0,0,0,0,0,0,0,0,1
AUT07,AUT07_EXP01,4,3,0.16745748,7.0,25.0,1.02342,30.0,10.059,1,1,1,0,1,0,0,0,0,1,0,0,0,1,0,0,0,0,0,0
AUT07,AUT07_EXP01,4,3,0.26253433,7.0,25.0,2.01247,30.0,10.059,1,1,1,0,1,0,0,0,0,1,0,0,0,1,0,0,0,0,0,0
AUT07,AUT07_EXP01,4,3,0.34686336,7.0,25.0,3.0114,30.0,10.059,1,1,1,0,1,0,0,0,0,1,0,0,0,1,0,0,0,0,0,0
AUT07,AUT07_EXP01,4,3,0.40887001,7.0,25.0,3.99055,30.0,10.059,1,1,1,0,1,0,0,0,0,1,0,0,0,1,0,0,0,0,0,0
AUT07,AUT07_EXP01,4,3,0.52213547,7.0,25.0,4.99938,30.0,10.059,1,1,1,0,1,0,0,0,0,1,0,0,0,1,0,0,0,0,0,0
AUT07,AUT07_EXP01,4,3,0.83051518,7.0,25.0,10.0336,30.0,10.059,1,1,1,0,1,0,0,0,0,1,0,0,0,1,0,0,0,0,0,0
AUT07,AUT07_EXP02,4,2,0.10710434,7.0,25.0,1.00364,30.0,28.944,1,1,1,0,1,0,0,0,0,1,0,0,0,0,1,0,0,0,0,0
AUT07,AUT07_EXP02,4,2,0.15340264,7.0,25.0,2.03225,30.0,28.944,1,1,1,0,1,0,0,0,0,1,0,0,0,0,1,0,0,0,0,0
AUT07,AUT07_EXP02,4,2,0.12942674,7.0,25.0,3.02129,30.0,28.944,1,1,1,0,1,0,0,0,0,1,0,0,0,0,1,0,0,0,0,0
AUT07,AUT07_EXP02,4,2,0.13356051,7.0,25.0,4.01033,30.0,28.944,1,1,1,0,1,0,0,0,0,1,0,0,0,0,1,0,0,0,0,0
AUT07,AUT07_EXP02,4,2,0.16663072,7.0,25.0,5.02905,30.0,28.944,1,1,1,0,1,0,0,0,0,1,0,0,0,0,1,0,0,0,0,0
AUT07,AUT07_EXP02,4,2,0.14265482,7.0,25.0,10.03855,30.0,28.944,1,1,1,0,1,0,0,0,0,1,0,0,0,0,1,0,0,0,0,0
AUT07,AUT07_EXP03,4,3,0.09222275,7.0,25.0,1.00364,30.0,6.678,1,1,1,0,1,0,0,0,0,1,0,0,0,0,0,0,0,0,1,0
AUT07,AUT07_EXP03,4,3,0.11619865,7.0,25.0,2.02236,30.0,6.678,1,1,1,0,1,0,0,0,0,1,0,0,0,0,0,0,0,0,1,0
AUT07,AUT07_EXP03,4,3,0.09801004,7.0,25.0,3.0114,30.0,6.678,1,1,1,0,1,0,0,0,0,1,0,0,0,0,0,0,0,0,1,0
AUT07,AUT07_EXP03,4,3,0.06080605,7.0,25.0,3.98561,30.0,6.678,1,1,1,0,1,0,0,0,0,1,0,0,0,0,0,0,0,0,1,0
AUT07,AUT07_EXP03,4,3,0.09635653,7.0,25.0,5.00432,30.0,6.678,1,1,1,0,1,0,0,0,0,1,0,0,0,0,0,0,0,0,1,0
AUT07,AUT07_EXP03,4,3,0.07155387,7.0,25.0,10.02866,30.0,6.678,1,1,1,0,1,0,0,0,0,1,0,0,0,0,0,0,0,0,1,0
AUT07,AUT07_EXP04,4,0,0.18658685,7.0,25.0,1.02295,30.0,30.597,1,1,1,1,0,0,0,0,0,1,0,0,0,1,0,0,0,0,0,0
AUT07,AUT07_EXP04,4,0,0.30641836,7.0,25.0,2.00951,30.0,30.597,1,1,1,1,0,0,0,0,0,1,0,0,0,1,0,0,0,0,0,0
AUT07,AUT07_EXP04,4,0,0.42115065,7.0,25.0,3.00604,30.0,30.597,1,1,1,1,0,0,0,0,0,1,0,0,0,1,0,0,0,0,0,0
AUT07,AUT07_EXP04,4,0,0.48404094,7.0,25.0,3.9926,30.0,30.597,1,1,1,1,0,0,0,0,0,1,0,0,0,1,0,0,0,0,0,0
AUT07,AUT07_EXP04,4,0,0.64976536,7.0,25.0,4.98912,30.0,30.597,1,1,1,1,0,0,0,0,0,1,0,0,0,1,0,0,0,0,0,0
AUT07,AUT07_EXP04,4,0,1.20642944,7.0,25.0,9.99169,30.0,30.597,1,1,1,1,0,0,0,0,0,1,0,0,0,1,0,0,0,0,0,0
AUT07,AUT07_EXP05,4,0,0.15089236,7.0,25.0,1.02295,30.0,27.694,1,1,1,1,0,0,0,0,0,1,0,0,0,0,1,0,0,0,0,0
AUT07,AUT07_EXP05,4,0,0.20783357,7.0,25.0,2.00951,30.0,27.694,1,1,1,1,0,0,0,0,0,1,0,0,0,0,1,0,0,0,0,0
AUT07,AUT07_EXP05,4,0,0.26307505,7.0,25.0,3.01102,30.0,27.694,1,1,1,1,0,0,0,0,0,1,0,0,0,0,1,0,0,0,0,0
AUT07,AUT07_EXP05,4,0,0.31576691,7.0,25.0,4.00754,30.0,27.694,1,1,1,1,0,0,0,0,0,1,0,0,0,0,1,0,0,0,0,0
AUT07,AUT07_EXP05,4,0,0.37355799,7.0,25.0,4.99909,30.0,27.694,1,1,1,1,0,0,0,0,0,1,0,0,0,0,1,0,0,0,0,0
AUT07,AUT07_EXP05,4,0,0.49168976,7.0,25.0,9.99169,30.0,27.694,1,1,1,1,0,0,0,0,0,1,0,0,0,0,1,0,0,0,0,0
AUT07,AUT07_EXP06,4,1,0.12709604,7.0,25.0,0.99803,30.0,17.212,1,1,1,1,0,0,0,0,0,1,0,0,0,0,0,0,0,0,1,0
AUT07,AUT07_EXP06,4,1,0.17213908,7.0,25.0,2.00951,30.0,17.212,1,1,1,1,0,0,0,0,0,1,0,0,0,0,0,0,0,0,1,0
AUT07,AUT07_EXP06,4,1,0.24097846,7.0,25.0,3.02098,30.0,17.212,1,1,1,1,0,0,0,0,0,1,0,0,0,0,0,0,0,0,1,0
AUT07,AUT07_EXP06,4,1,0.2588257,7.0,25.0,3.9926,30.0,17.212,1,1,1,1,0,0,0,0,0,1,0,0,0,0,0,0,0,0,1,0
AUT07,AUT07_EXP06,4,1,0.2970698,7.0,25.0,4.97916,30.0,17.212,1,1,1,1,0,0,0,0,0,1,0,0,0,0,0,0,0,0,1,0
AUT07,AUT07_EXP06,4,1,0.47214278,7.0,25.0,9.99667,30.0,17.212,1,1,1,1,0,0,0,0,0,1,0,0,0,0,0,0,0,0,1,0
AUT07,AUT07_EXP07,4,1,0.09335729,7.0,25.0,0.99845,30.0,22.209,1,1,1,1,0,0,0,0,0,1,0,0,0,1,0,0,0,0,0,0
AUT07,AUT07_EXP07,4,1,0.09335729,7.0,25.0,2.00268,30.0,22.209,1,1,1,1,0,0,0,0,0,1,0,0,0,1,0,0,0,0,0,0
AUT07,AUT07_EXP07,4,1,0.09263218,7.0,25.0,2.99892,30.0,22.209,1,1,1,1,0,0,0,0,0,1,0,0,0,1,0,0,0,0,0,0
AUT07,AUT07_EXP07,4,1,0.07595448,7.0,25.0,4.00582,30.0,22.209,1,1,1,1,0,0,0,0,0,1,0,0,0,1,0,0,0,0,0,0
AUT07,AUT07_EXP07,4,1,0.08936915,7.0,25.0,5.00206,30.0,22.209,1,1,1,1,0,0,0,0,0,1,0,0,0,1,0,0,0,0,0,0
AUT07,AUT07_EXP08,4,4,0.12381223,7.0,25.0,0.99579,30.0,53.972,1,1,1,1,0,0,0,0,0,1,0,0,0,0,1,0,0,0,0,0
AUT07,AUT07_EXP08,4,4,0.14266528,7.0,25.0,1.99735,30.0,53.972,1,1,1,1,0,0,0,0,0,1,0,0,0,0,1,0,0,0,0,0
AUT07,AUT07_EXP08,4,4,0.1539046,7.0,25.0,3.00425,30.0,53.972,1,1,1,1,0,0,0,0,0,1,0,0,0,0,1,0,0,0,0,0
AUT07,AUT07_EXP08,4,4,0.18653488,7.0,25.0,3.9925,30.0,53.972,1,1,1,1,0,0,0,0,0,1,0,0,0,0,1,0,0,0,0,0
AUT07,AUT07_EXP08,4,4,0.14991645,7.0,25.0,5.00473,30.0,53.972,1,1,1,1,0,0,0,0,0,1,0,0,0,0,1,0,0,0,0,0
AUT07,AUT07_EXP09,4,0,0.09734544,7.0,25.0,1.00111,30.0,56.572,1,1,1,1,0,0,0,0,0,1,0,0,0,0,0,0,0,0,1,0
AUT07,AUT07_EXP09,4,0,0.11583593,7.0,25.0,1.99203,30.0,56.572,1,1,1,1,0,0,0,0,0,1,0,0,0,0,0,0,0,0,1,0
AUT07,AUT07_EXP09,4,0,0.09915823,7.0,25.0,2.99892,30.0,56.572,1,1,1,1,0,0,0,0,0,1,0,0,0,0,0,0,0,0,1,0
AUT07,AUT07_EXP09,4,0,0.1082222,7.0,25.0,4.00049,30.0,56.572,1,1,1,1,0,0,0,0,0,1,0,0,0,0,0,0,0,0,1,0
AUT07,AUT07_EXP09,4,0,0.11366058,7.0,25.0,5.00206,30.0,56.572,1,1,1,1,0,0,0,0,0,1,0,0,0,0,0,0,0,0,1,0
AUT07,AUT07_EXP10,4,2,0.09960124,7.0,25.0,0.9692,30.0,21.287,1,1,1,1,0,0,0,0,0,1,0,0,0,1,0,0,0,0,0,0
AUT07,AUT07_EXP10,4,2,0.22747844,7.0,25.0,2.94736,30.0,21.287,1,1,1,1,0,0,0,0,0,1,0,0,0,1,0,0,0,0,0,0
AUT07,AUT07_EXP10,4,2,0.24400679,7.0,25.0,5.0071,30.0,21.287,1,1,1,1,0,0,0,0,0,1,0,0,0,1,0,0,0,0,0,0
AUT07,AUT07_EXP10,4,2,0.40755041,7.0,25.0,9.98309,30.0,21.287,1,1,1,1,0,0,0,0,0,1,0,0,0,1,0,0,0,0,0,0
AUT07,AUT07_EXP10,4,2,0.64416672,7.0,25.0,19.95548,30.0,21.287,1,1,1,1,0,0,0,0,0,1,0,0,0,1,0,0,0,0,0,0
AUT07,AUT07_EXP10,4,2,1.20961011,7.0,25.0,40.00222,30.0,21.287,1,1,1,1,0,0,0,0,0,1,0,0,0,1,0,0,0,0,0,0
AUT07,AUT07_EXP11,4,1,0.14831637,7.0,25.0,0.9692,30.0,36.953,1,1,1,1,0,0,0,0,0,1,0,0,0,0,1,0,0,0,0,0
AUT07,AUT07_EXP11,4,1,0.29446173,7.0,25.0,2.92697,30.0,36.953,1,1,1,1,0,0,0,0,0,1,0,0,0,0,1,0,0,0,0,0
AUT07,AUT07_EXP11,4,1,0.45539562,7.0,25.0,5.04788,30.0,36.953,1,1,1,1,0,0,0,0,0,1,0,0,0,0,1,0,0,0,0,0
AUT07,AUT07_EXP11,4,1,0.66243489,7.0,25.0,10.02388,30.0,36.953,1,1,1,1,0,0,0,0,0,1,0,0,0,0,1,0,0,0,0,0
AUT07,AUT07_EXP11,4,1,0.77030409,7.0,25.0,19.99627,30.0,36.953,1,1,1,1,0,0,0,0,0,1,0,0,0,0,1,0,0,0,0,0
AUT07,AUT07_EXP11,4,1,0.66852428,7.0,25.0,40.04301,30.0,36.953,1,1,1,1,0,0,0,0,0,1,0,0,0,0,1,0,0,0,0,0
AUT07,AUT07_EXP12,4,4,0.13265794,7.0,25.0,0.9692,30.0,99.568,1,1,1,1,0,0,0,0,0,1,0,0,0,0,0,0,0,0,1,0
AUT07,AUT07_EXP12,4,4,0.271844,7.0,25.0,3.06972,30.0,99.568,1,1,1,1,0,0,0,0,0,1,0,0,0,0,0,0,0,0,1,0
AUT07,AUT07_EXP12,4,4,0.34404677,7.0,25.0,4.96631,30.0,99.568,1,1,1,1,0,0,0,0,0,1,0,0,0,0,0,0,0,0,1,0
AUT07,AUT07_EXP12,4,4,0.51628952,7.0,25.0,9.98309,30.0,99.568,1,1,1,1,0,0,0,0,0,1,0,0,0,0,0,0,0,0,1,0
AUT07,AUT07_EXP12,4,4,0.80075104,7.0,25.0,20.05745,30.0,99.568,1,1,1,1,0,0,0,0,0,1,0,0,0,0,0,0,0,0,1,0
AUT07,AUT07_EXP12,4,4,1.22613845,7.0,25.0,40.0634,30.0,99.568,1,1,1,1,0,0,0,0,0,1,0,0,0,0,0,0,0,0,1,0
AUT08,AUT08_EXP01,2,1,0.19467,,15.0,0.1076,185.0,,1,0,1,0,1,1,0,0,1,1,0,0,0,0,0,0,0,0,1,0
AUT08,AUT08_EXP01,2,1,0.43665,,15.0,0.52535,185.0,,1,0,1,0,1,1,0,0,1,1,0,0,0,0,0,0,0,0,1,0
AUT08,AUT08_EXP01,2,1,0.55295,,15.0,1.87556,185.0,,1,0,1,0,1,1,0,0,1,1,0,0,0,0,0,0,0,0,1,0
AUT08,AUT08_EXP01,2,1,0.60162,,15.0,3.40117,185.0,,1,0,1,0,1,1,0,0,1,1,0,0,0,0,0,0,0,0,1,0
AUT08,AUT08_EXP01,2,1,0.62863,,15.0,4.91063,185.0,,1,0,1,0,1,1,0,0,1,1,0,0,0,0,0,0,0,0,1,0
AUT08,AUT08_EXP01,2,1,0.65162,,15.0,6.44893,185.0,,1,0,1,0,1,1,0,0,1,1,0,0,0,0,0,0,0,0,1,0
AUT08,AUT08_EXP02,2,2,0.21164,,27.0,0.14683,185.0,,1,0,1,0,1,1,0,0,1,1,0,0,0,0,0,0,0,0,1,0
AUT08,AUT08_EXP02,2,2,0.47973,,27.0,0.50227,185.0,,1,0,1,0,1,1,0,0,1,1,0,0,0,0,0,0,0,0,1,0
AUT08,AUT08_EXP02,2,2,0.67863,,27.0,1.76592,185.0,,1,0,1,0,1,1,0,0,1,1,0,0,0,0,0,0,0,0,1,0
AUT08,AUT08_EXP02,2,2,0.68912,,27.0,3.48887,185.0,,1,0,1,0,1,1,0,0,1,1,0,0,0,0,0,0,0,0,1,0
AUT08,AUT08_EXP02,2,2,0.72171,,27.0,5.06296,185.0,,1,0,1,0,1,1,0,0,1,1,0,0,0,0,0,0,0,0,1,0
AUT08,AUT08_EXP02,2,2,0.76301,,27.0,6.53318,185.0,,1,0,1,0,1,1,0,0,1,1,0,0,0,0,0,0,0,0,1,0
AUT08,AUT08_EXP03,2,3,0.20539,,45.0,0.23108,185.0,,1,0,1,0,1,1,0,0,1,1,0,0,0,0,0,0,0,0,1,0
AUT08,AUT08_EXP03,2,3,0.46545,,45.0,0.55997,185.0,,1,0,1,0,1,1,0,0,1,1,0,0,0,0,0,0,0,0,1,0
AUT08,AUT08_EXP03,2,3,0.7043,,45.0,1.81093,185.0,,1,0,1,0,1,1,0,0,1,1,0,0,0,0,0,0,0,0,1,0
AUT08,AUT08_EXP03,2,3,0.80609,,45.0,3.26269,185.0,,1,0,1,0,1,1,0,0,1,1,0,0,0,0,0,0,0,0,1,0
AUT08,AUT08_EXP03,2,3,0.81413,,45.0,4.75599,185.0,,1,0,1,0,1,1,0,0,1,1,0,0,0,0,0,0,0,0,1,0
AUT08,AUT08_EXP03,2,3,0.84605,,45.0,6.32315,185.0,,1,0,1,0,1,1,0,0,1,1,0,0,0,0,0,0,0,0,1,0
AUT09,AUT09_EXP01,3,3,0.41426441,,25.0,4.63386078,200.0,,1,1,1,0,1,1,0,0,1,0,1,0,0,0,0,0,0,0,1,0
AUT09,AUT09_EXP01,3,3,0.80212806,,25.0,8.85631359,200.0,,1,1,1,0,1,1,0,0,1,0,1,0,0,0,0,0,0,0,1,0
AUT09,AUT09_EXP01,3,3,1.54519316,,25.0,18.4810222,200.0,,1,1,1,0,1,1,0,0,1,0,1,0,0,0,0,0,0,0,1,0
AUT09,AUT09_EXP01,3,3,1.80104707,,25.0,28.16782571,200.0,,1,1,1,0,1,1,0,0,1,0,1,0,0,0,0,0,0,0,1,0
AUT09,AUT09_EXP01,3,3,2.05690098,,25.0,37.89602581,200.0,,1,1,1,0,1,1,0,0,1,0,1,0,0,0,0,0,0,0,1,0
AUT09,AUT09_EXP01,3,3,2.19299349,,25.0,47.87260549,200.0,,1,1,1,0,1,1,0,0,1,0,1,0,0,0,0,0,0,0,1,0
AUT09,AUT09_EXP02,3,0,0.27357925,,25.0,4.73735227,200.0,,1,1,1,0,1,1,0,0,1,0,1,0,0,0,0,0,0,0,1,0
AUT09,AUT09_EXP02,3,0,0.38884233,,25.0,9.66354721,200.0,,1,1,1,0,1,1,0,0,1,0,1,0,0,0,0,0,0,0,1,0
AUT09,AUT09_EXP02,3,0,0.50301803,,25.0,19.45384221,200.0,,1,1,1,0,1,1,0,0,1,0,1,0,0,0,0,0,0,0,1,0
AUT09,AUT09_EXP02,3,0,0.62208697,,25.0,29.43042189,200.0,,1,1,1,0,1,1,0,0,1,0,1,0,0,0,0,0,0,0,1,0
AUT09,AUT09_EXP02,3,0,0.70092257,,25.0,39.28281178,200.0,,1,1,1,0,1,1,0,0,1,0,1,0,0,0,0,0,0,0,1,0
AUT09,AUT09_EXP02,3,0,0.73898114,,25.0,49.25939146,200.0,,1,1,1,0,1,1,0,0,1,0,1,0,0,0,0,0,0,0,1,0
AUT09,AUT09_EXP03,3,1,0.23987023,,25.0,4.73735227,200.0,,1,1,1,0,1,1,0,0,1,0,1,0,0,0,0,0,0,0,1,0
AUT09,AUT09_EXP03,3,1,0.35404593,,25.0,9.72564211,200.0,,1,1,1,0,1,1,0,0,1,0,1,0,0,0,0,0,0,0,1,0
AUT09,AUT09_EXP03,3,1,0.42418243,,25.0,19.578032,200.0,,1,1,1,0,1,1,0,0,1,0,1,0,0,0,0,0,0,0,1,0
AUT09,AUT09_EXP03,3,1,0.52911533,,25.0,29.55461168,200.0,,1,1,1,0,1,1,0,0,1,0,1,0,0,0,0,0,0,0,1,0
AUT09,AUT09_EXP03,3,1,0.57043606,,25.0,39.46909646,200.0,,1,1,1,0,1,1,0,0,1,0,1,0,0,0,0,0,0,0,1,0
AUT09,AUT09_EXP03,3,1,0.60088291,,25.0,49.48707274,200.0,,1,1,1,0,1,1,0,0,1,0,1,0,0,0,0,0,0,0,1,0
AUT09,AUT09_EXP04,3,1,0.75132176,,25.0,4.22041121,200.0,,1,1,1,0,1,1,0,0,1,0,1,0,0,0,0,0,0,0,1,0
AUT09,AUT09_EXP04,3,1,1.36985209,,25.0,8.56157945,200.0,,1,1,1,0,1,1,0,0,1,0,1,0,0,0,0,0,0,0,1,0
AUT09,AUT09_EXP04,3,1,2.12945073,,25.0,17.82273836,200.0,,1,1,1,0,1,1,0,0,1,0,1,0,0,0,0,0,0,0,1,0
AUT09,AUT09_EXP04,3,1,2.69589429,,25.0,27.20793065,200.0,,1,1,1,0,1,1,0,0,1,0,1,0,0,0,0,0,0,0,1,0
AUT09,AUT09_EXP04,3,1,2.98020121,,25.0,36.94455084,200.0,,1,1,1,0,1,1,0,0,1,0,1,0,0,0,0,0,0,0,1,0
AUT09,AUT09_EXP04,3,1,3.12126953,,25.0,46.84654887,200.0,,1,1,1,0,1,1,0,0,1,0,1,0,0,0,0,0,0,0,1,0
AUT09,AUT09_EXP05,3,0,0.97486079,,25.0,4.05503338,200.0,,1,1,1,0,1,1,0,0,1,0,1,0,0,0,0,0,0,0,1,0
AUT09,AUT09_EXP05,3,0,1.79088676,,25.0,8.23082378,200.0,,1,1,1,0,1,1,0,0,1,0,1,0,0,0,0,0,0,0,1,0
AUT09,AUT09_EXP05,3,0,2.49405808,,25.0,17.53332714,200.0,,1,1,1,0,1,1,0,0,1,0,1,0,0,0,0,0,0,0,1,0
AUT09,AUT09_EXP05,3,0,3.04096911,,25.0,26.91851943,200.0,,1,1,1,0,1,1,0,0,1,0,1,0,0,0,0,0,0,0,1,0
AUT09,AUT09_EXP05,3,0,3.47285519,,25.0,36.40707287,200.0,,1,1,1,0,1,1,0,0,1,0,1,0,0,0,0,0,0,0,1,0
AUT09,AUT09_EXP05,3,0,3.6746914,,25.0,46.24705421,200.0,,1,1,1,0,1,1,0,0,1,0,1,0,0,0,0,0,0,0,1,0
AUT09,AUT09_EXP06,3,2,0.38263284,,25.0,4.57183912,200.0,,1,1,1,0,1,1,0,0,1,0,1,0,0,0,0,0,0,0,1,0
AUT09,AUT09_EXP06,3,2,0.73647336,,25.0,9.38846864,200.0,,1,1,1,0,1,1,0,0,1,0,1,0,0,0,0,0,0,0,1,0
AUT09,AUT09_EXP06,3,2,1.23620505,,25.0,19.04239991,200.0,,1,1,1,0,1,1,0,0,1,0,1,0,0,0,0,0,0,0,1,0
AUT09,AUT09_EXP06,3,2,1.39189488,,25.0,28.55162558,200.0,,1,1,1,0,1,1,0,0,1,0,1,0,0,0,0,0,0,0,1,0
AUT09,AUT09_EXP06,3,2,1.65101502,,25.0,38.04017901,200.0,,1,1,1,0,1,1,0,0,1,0,1,0,0,0,0,0,0,0,1,0
AUT09,AUT09_EXP06,3,2,1.71525068,,25.0,48.00419373,200.0,,1,1,1,0,1,1,0,0,1,0,1,0,0,0,0,0,0,0,1,0
AUT09,AUT09_EXP07,3,4,0.34670442,,25.0,4.6958725,200.0,,1,1,1,0,1,1,0,0,1,0,1,0,0,0,0,0,0,0,1,0
AUT09,AUT09_EXP07,3,4,0.68748006,,25.0,9.38846864,200.0,,1,1,1,0,1,1,0,0,1,0,1,0,0,0,0,0,0,0,1,0
AUT09,AUT09_EXP07,3,4,0.92264792,,25.0,19.1044166,200.0,,1,1,1,0,1,1,0,0,1,0,1,0,0,0,0,0,0,0,1,0
AUT09,AUT09_EXP07,3,4,1.19047797,,25.0,28.84103679,200.0,,1,1,1,0,1,1,0,0,1,0,1,0,0,0,0,0,0,0,1,0
AUT09,AUT09_EXP07,3,4,1.27322222,,25.0,38.68101813,200.0,,1,1,1,0,1,1,0,0,1,0,1,0,0,0,0,0,0,0,1,0
AUT09,AUT09_EXP07,3,4,1.30044072,,25.0,48.62436062,200.0,,1,1,1,0,1,1,0,0,1,0,1,0,0,0,0,0,0,0,1,0
AUT10,AUT10_EXP01,0,2,0.02914,7.0,25.0,0.93378,200.0,0.46,1,1,1,0,1,0,0,0,0,1,0,0,0,0,0,0,0,0,1,0
AUT10,AUT10_EXP01,0,2,0.05966,7.0,25.0,1.77518,200.0,0.46,1,1,1,0,1,0,0,0,0,1,0,0,0,0,0,0,0,0,1,0
AUT10,AUT10_EXP01,0,2,0.13921,7.0,25.0,4.50132,200.0,0.46,1,1,1,0,1,0,0,0,0,1,0,0,0,0,0,0,0,0,1,0
AUT10,AUT10_EXP01,0,2,0.18562,7.0,25.0,9.26365,200.0,0.46,1,1,1,0,1,0,0,0,0,1,0,0,0,0,0,0,0,0,1,0
AUT10,AUT10_EXP01,0,2,0.20924,7.0,25.0,14.21109,200.0,0.46,1,1,1,0,1,0,0,0,0,1,0,0,0,0,0,0,0,0,1,0
AUT10,AUT10_EXP01,0,2,0.22319,7.0,25.0,19.20901,200.0,0.46,1,1,1,0,1,0,0,0,0,1,0,0,0,0,0,0,0,0,1,0
AUT10,AUT10_EXP01,0,2,0.23134,7.0,25.0,29.05339,200.0,0.46,1,1,1,0,1,0,0,0,0,1,0,0,0,0,0,0,0,0,1,0
AUT10,AUT10_EXP01,0,2,0.24017,7.0,25.0,39.08289,200.0,0.46,1,1,1,0,1,0,0,0,0,1,0,0,0,0,0,0,0,0,1,0
AUT10,AUT10_EXP01,0,2,0.23893,7.0,25.0,48.96093,200.0,0.46,1,1,1,0,1,0,0,0,0,1,0,0,0,0,0,0,0,0,1,0
AUT10,AUT10_EXP02,0,3,0.07748,7.0,25.0,0.73185,200.0,1.71,1,1,1,0,1,0,0,0,0,1,0,0,0,0,0,0,0,1,0,0
AUT10,AUT10_EXP02,0,3,0.11297,7.0,25.0,1.67422,200.0,1.71,1,1,1,0,1,0,0,0,0,1,0,0,0,0,0,0,0,1,0,0
AUT10,AUT10_EXP02,0,3,0.19183,7.0,25.0,4.26573,200.0,1.71,1,1,1,0,1,0,0,0,0,1,0,0,0,0,0,0,0,1,0,0
AUT10,AUT10_EXP02,0,3,0.23935,7.0,25.0,9.12903,200.0,1.71,1,1,1,0,1,0,0,0,0,1,0,0,0,0,0,0,0,1,0,0
AUT10,AUT10_EXP02,0,3,0.27567,7.0,25.0,13.92501,200.0,1.71,1,1,1,0,1,0,0,0,0,1,0,0,0,0,0,0,0,1,0,0
AUT10,AUT10_EXP02,0,3,0.28534,7.0,25.0,18.82196,200.0,1.71,1,1,1,0,1,0,0,0,0,1,0,0,0,0,0,0,0,1,0,0
AUT10,AUT10_EXP02,0,3,0.28893,7.0,25.0,28.76732,200.0,1.71,1,1,1,0,1,0,0,0,0,1,0,0,0,0,0,0,0,1,0,0
AUT10,AUT10_EXP02,0,3,0.2928,7.0,25.0,38.8473,200.0,1.71,1,1,1,0,1,0,0,0,0,1,0,0,0,0,0,0,0,1,0,0
AUT10,AUT10_EXP02,0,3,0.3055,7.0,25.0,48.72534,200.0,1.71,1,1,1,0,1,0,0,0,0,1,0,0,0,0,0,0,0,1,0,0
AUT11,AUT11_EXP01,0,2,0.0295176,,5.0,1.83363,180.0,0.5107,1,1,1,0,1,1,0,0,0,0,1,0,0,0,1,0,0,0,0,0
AUT11,AUT11_EXP01,0,2,0.03616641,,5.0,3.87,180.0,0.5107,1,1,1,0,1,1,0,0,0,0,1,0,0,0,1,0,0,0,0,0
AUT11,AUT11_EXP01,0,2,0.03759115,,5.0,5.7756,180.0,0.5107,1,1,1,0,1,1,0,0,0,0,1,0,0,0,1,0,0,0,0,0
AUT11,AUT11_EXP01,0,2,0.0390159,,5.0,7.79329,180.0,0.5107,1,1,1,0,1,1,0,0,0,0,1,0,0,0,1,0,0,0,0,0
AUT11,AUT11_EXP01,0,2,0.0390159,,5.0,9.75493,180.0,0.5107,1,1,1,0,1,1,0,0,0,0,1,0,0,0,1,0,0,0,0,0
AUT11,AUT11_EXP01,0,2,0.04044065,,5.0,14.78047,180.0,0.5107,1,1,1,0,1,1,0,0,0,0,1,0,0,0,1,0,0,0,0,0
AUT11,AUT11_EXP01,0,2,0.05088878,,5.0,19.69392,180.0,0.5107,1,1,1,0,1,1,0,0,0,0,1,0,0,0,1,0,0,0,0,0
AUT11,AUT11_EXP02,0,4,0.02571828,,5.0,0.9182,180.0,0.157,1,1,1,0,1,1,0,0,0,0,1,0,0,0,0,0,0,0,1,0
AUT11,AUT11_EXP02,0,4,0.03759115,,5.0,1.83363,180.0,0.157,1,1,1,0,1,1,0,0,0,0,1,0,0,0,0,0,0,0,1,0
AUT11,AUT11_EXP02,0,4,0.04946403,,5.0,3.76725,180.0,0.157,1,1,1,0,1,1,0,0,0,0,1,0,0,0,0,0,0,0,1,0
AUT11,AUT11_EXP02,0,4,0.05753759,,5.0,5.85967,180.0,0.157,1,1,1,0,1,1,0,0,0,0,1,0,0,0,0,0,0,0,1,0
AUT11,AUT11_EXP02,0,4,0.06038708,,5.0,7.50371,180.0,0.157,1,1,1,0,1,1,0,0,0,0,1,0,0,0,0,0,0,0,1,0
AUT11,AUT11_EXP02,0,4,0.08033352,,5.0,14.56563,180.0,0.157,1,1,1,0,1,1,0,0,0,0,1,0,0,0,0,0,0,0,1,0
AUT11,AUT11_EXP02,0,4,0.07890877,,5.0,19.59117,180.0,0.157,1,1,1,0,1,1,0,0,0,0,1,0,0,0,0,0,0,0,1,0
AUT11,AUT11_EXP03,0,0,0.07368471,,5.0,0.49785,180.0,0.0304,1,1,1,0,1,1,0,0,0,0,1,0,0,1,0,0,0,0,0,0
AUT11,AUT11_EXP03,0,0,0.09078165,,,1.70286,180.0,0.0304,1,1,1,0,1,1,1,0,0,0,1,0,0,1,0,0,0,0,0,0
AUT11,AUT11_EXP03,0,0,0.20238672,,5.0,3.01062,180.0,0.0304,1,1,1,0,1,1,0,0,0,0,1,0,0,1,0,0,0,0,0,0
AUT11,AUT11_EXP03,0,0,0.30069416,,5.0,4.62664,180.0,0.0304,1,1,1,0,1,1,0,0,0,0,1,0,0,1,0,0,0,0,0,0
AUT11,AUT11_EXP03,0,0,0.27409891,,5.0,6.9339,180.0,0.0304,1,1,1,0,1,1,0,0,0,0,1,0,0,1,0,0,0,0,0,0
AUT11,AUT11_EXP03,0,0,0.40470058,,5.0,8.13891,180.0,0.0304,1,1,1,0,1,1,0,0,0,0,1,0,0,1,0,0,0,0,0,0
AUT11,AUT11_EXP03,0,0,0.39805177,,5.0,13.02434,180.0,0.0304,1,1,1,0,1,1,0,0,0,0,1,0,0,1,0,0,0,0,0,0
AUT11,AUT11_EXP03,0,0,0.43367041,,5.0,16.84487,180.0,0.0304,1,1,1,0,1,1,0,0,0,0,1,0,0,1,0,0,0,0,0,0
AUT11,AUT11_EXP04,0,3,0.01242065,,15.0,0.93465,180.0,0.5107,1,1,1,0,1,1,0,0,0,0,1,0,0,0,1,0,0,0,0,0
AUT11,AUT11_EXP04,0,3,0.01764472,,15.0,1.8781,180.0,0.5107,1,1,1,0,1,1,0,0,0,0,1,0,0,0,1,0,0,0,0,0
AUT11,AUT11_EXP04,0,3,0.03094234,,15.0,3.79304,180.0,0.5107,1,1,1,0,1,1,0,0,0,0,1,0,0,0,1,0,0,0,0,0
AUT11,AUT11_EXP04,0,3,0.0295176,,15.0,5.85743,180.0,0.5107,1,1,1,0,1,1,0,0,0,0,1,0,0,0,1,0,0,0,0,0
AUT11,AUT11_EXP04,0,3,0.04281522,,15.0,9.83677,180.0,0.5107,1,1,1,0,1,1,0,0,0,0,1,0,0,0,1,0,0,0,0,0
AUT11,AUT11_EXP04,0,3,0.05231352,,15.0,14.54471,180.0,0.5107,1,1,1,0,1,1,0,0,0,0,1,0,0,0,1,0,0,0,0,0
AUT11,AUT11_EXP04,0,3,0.05896234,,15.0,19.74773,180.0,0.5107,1,1,1,0,1,1,0,0,0,0,1,0,0,0,1,0,0,0,0,0
AUT11,AUT11_EXP05,0,3,0.02049421,,15.0,0.88794,180.0,0.157,1,1,1,0,1,1,0,0,0,0,1,0,0,0,0,0,0,0,1,0
AUT11,AUT11_EXP05,0,3,0.04044065,,15.0,1.8314,180.0,0.157,1,1,1,0,1,1,0,0,0,0,1,0,0,0,0,0,0,0,1,0
AUT11,AUT11_EXP05,0,3,0.05753759,,15.0,3.73699,180.0,0.157,1,1,1,0,1,1,0,0,0,0,1,0,0,0,0,0,0,0,1,0
AUT11,AUT11_EXP05,0,3,0.06276166,,15.0,5.65193,180.0,0.157,1,1,1,0,1,1,0,0,0,0,1,0,0,0,0,0,0,0,1,0
AUT11,AUT11_EXP05,0,3,0.07463454,,15.0,9.78072,180.0,0.157,1,1,1,0,1,1,0,0,0,0,1,0,0,0,0,0,0,0,1,0
AUT11,AUT11_EXP05,0,3,0.10027996,,15.0,14.51668,180.0,0.157,1,1,1,0,1,1,0,0,0,0,1,0,0,0,0,0,0,0,1,0
AUT11,AUT11_EXP05,0,3,0.13067453,,15.0,18.46799,180.0,0.157,1,1,1,0,1,1,0,0,0,0,1,0,0,0,0,0,0,0,1,0
AUT11,AUT11_EXP06,0,4,0.09600572,,15.0,0.52364,180.0,0.0304,1,1,1,0,1,1,0,0,0,0,1,0,0,1,0,0,0,0,0,0
AUT11,AUT11_EXP06,0,4,0.17864096,,15.0,1.09345,180.0,0.0304,1,1,1,0,1,1,0,0,0,0,1,0,0,1,0,0,0,0,0,0
AUT11,AUT11_EXP06,0,4,0.27314908,,15.0,2.61605,180.0,0.0304,1,1,1,0,1,1,0,0,0,0,1,0,0,1,0,0,0,0,0,0
AUT11,AUT11_EXP06,0,4,0.3553094,,15.0,4.23207,180.0,0.0304,1,1,1,0,1,1,0,0,0,0,1,0,0,1,0,0,0,0,0,0
AUT11,AUT11_EXP06,0,4,0.3928277,,15.0,6.01623,180.0,0.0304,1,1,1,0,1,1,0,0,0,0,1,0,0,1,0,0,0,0,0,0
AUT11,AUT11_EXP06,0,4,0.40470058,,15.0,7.92183,180.0,0.0304,1,1,1,0,1,1,0,0,0,0,1,0,0,1,0,0,0,0,0,0
AUT11,AUT11_EXP06,0,4,0.60036563,,15.0,11.97589,180.0,0.0304,1,1,1,0,1,1,0,0,0,0,1,0,0,1,0,0,0,0,0,0
AUT11,AUT11_EXP06,0,4,0.61888732,,15.0,16.9267,180.0,0.0304,1,1,1,0,1,1,0,0,0,0,1,0,0,1,0,0,0,0,0,0
AUT11,AUT11_EXP07,0,0,0.02429955,,25.0,0.89147,180.0,0.5107,1,1,1,0,1,1,0,0,0,0,1,0,0,0,1,0,0,0,0,0
AUT11,AUT11_EXP07,0,0,0.04193649,,25.0,1.78017,180.0,0.5107,1,1,1,0,1,1,0,0,0,0,1,0,0,0,1,0,0,0,0,0
AUT11,AUT11_EXP07,0,0,0.04193649,,25.0,3.77273,180.0,0.5107,1,1,1,0,1,1,0,0,0,0,1,0,0,0,1,0,0,0,0,0
AUT11,AUT11_EXP07,0,0,0.04288984,,25.0,5.81206,180.0,0.5107,1,1,1,0,1,1,0,0,0,0,1,0,0,0,1,0,0,0,0,0
AUT11,AUT11_EXP07,0,0,0.06434017,,25.0,9.74105,180.0,0.5107,1,1,1,0,1,1,0,0,0,0,1,0,0,0,1,0,0,0,0,0
AUT11,AUT11_EXP07,0,0,0.08054709,,25.0,14.30615,180.0,0.5107,1,1,1,0,1,1,0,0,0,0,1,0,0,0,1,0,0,0,0,0
AUT11,AUT11_EXP07,0,0,0.09246394,,25.0,19.70383,180.0,0.5107,1,1,1,0,1,1,0,0,0,0,1,0,0,0,1,0,0,0,0,0
AUT11,AUT11_EXP08,0,1,0.01905613,,25.0,0.86341,180.0,0.157,1,1,1,0,1,1,0,0,0,0,1,0,0,0,0,0,0,0,1,0
AUT11,AUT11_EXP08,0,1,0.01619609,,25.0,1.88307,180.0,0.157,1,1,1,0,1,1,0,0,0,0,1,0,0,0,0,0,0,0,1,0
AUT11,AUT11_EXP08,0,1,0.03907644,,25.0,3.80079,180.0,0.157,1,1,1,0,1,1,0,0,0,0,1,0,0,0,0,0,0,0,1,0
AUT11,AUT11_EXP08,0,1,0.03097298,,25.0,5.81206,180.0,0.157,1,1,1,0,1,1,0,0,0,0,1,0,0,0,0,0,0,0,1,0
AUT11,AUT11_EXP08,0,1,0.07101361,,25.0,9.79717,180.0,0.157,1,1,1,0,1,1,0,0,0,0,1,0,0,0,0,0,0,0,1,0
AUT11,AUT11_EXP08,0,1,0.09103392,,25.0,14.83002,180.0,0.157,1,1,1,0,1,1,0,0,0,0,1,0,0,0,0,0,0,0,1,0
AUT11,AUT11_EXP08,0,1,0.1043808,,25.0,19.64771,180.0,0.157,1,1,1,0,1,1,0,0,0,0,1,0,0,0,0,0,0,0,1,0
AUT11,AUT11_EXP09,0,2,0.12964453,,25.0,0.33954,180.0,0.0304,1,1,1,0,1,1,0,0,0,0,1,0,0,1,0,0,0,0,0,0
AUT11,AUT11_EXP09,0,2,0.22068928,,25.0,0.91953,180.0,0.0304,1,1,1,0,1,1,0,0,0,0,1,0,0,1,0,0,0,0,0,0
AUT11,AUT11_EXP09,0,2,0.35272801,,25.0,2.145,180.0,0.0304,1,1,1,0,1,1,0,0,0,0,1,0,0,1,0,0,0,0,0,0
AUT11,AUT11_EXP09,0,2,0.38228181,,25.0,4.08143,180.0,0.0304,1,1,1,0,1,1,0,0,0,0,1,0,0,1,0,0,0,0,0,0
AUT11,AUT11_EXP09,0,2,0.46617645,,25.0,5.65303,180.0,0.0304,1,1,1,0,1,1,0,0,0,0,1,0,0,1,0,0,0,0,0,0
AUT11,AUT11_EXP09,0,2,0.5314808,,25.0,7.38365,180.0,0.0304,1,1,1,0,1,1,0,0,0,0,1,0,0,1,0,0,0,0,0,0
AUT11,AUT11_EXP09,0,2,0.67162299,,25.0,11.68683,180.0,0.0304,1,1,1,0,1,1,0,0,0,0,1,0,0,1,0,0,0,0,0,0
AUT11,AUT11_EXP09,0,2,0.64492924,,25.0,16.82258,180.0,0.0304,1,1,1,0,1,1,0,0,0,0,1,0,0,1,0,0,0,0,0,0
AUT11,AUT11_EXP10,0,1,0.00952265,,35.0,0.86117,180.0,0.5107,1,1,1,0,1,1,0,0,0,0,1,0,0,0,1,0,0,0,0,0
AUT11,AUT11_EXP10,0,1,0.01762611,,35.0,1.85277,180.0,0.5107,1,1,1,0,1,1,0,0,0,0,1,0,0,0,1,0,0,0,0,0
AUT11,AUT11_EXP10,0,1,0.02572957,,35.0,4.00436,180.0,0.5107,1,1,1,0,1,1,0,0,0,0,1,0,0,0,1,0,0,0,0,0
AUT11,AUT11_EXP10,0,1,0.02858961,,35.0,5.92208,180.0,0.5107,1,1,1,0,1,1,0,0,0,0,1,0,0,0,1,0,0,0,0,0
AUT11,AUT11_EXP10,0,1,0.02954296,,35.0,8.03625,180.0,0.5107,1,1,1,0,1,1,0,0,0,0,1,0,0,0,1,0,0,0,0,0
AUT11,AUT11_EXP10,0,1,0.03097298,,35.0,10.0288,180.0,0.5107,1,1,1,0,1,1,0,0,0,0,1,0,0,0,1,0,0,0,0,0
AUT11,AUT11_EXP10,0,1,0.04050647,,35.0,14.77165,180.0,0.5107,1,1,1,0,1,1,0,0,0,0,1,0,0,0,1,0,0,0,0,0
AUT11,AUT11_EXP10,0,1,0.05623671,,35.0,19.87934,180.0,0.5107,1,1,1,0,1,1,0,0,0,0,1,0,0,0,1,0,0,0,0,0
AUT11,AUT11_EXP11,0,4,0.03097298,,35.0,0.8331,180.0,0.157,1,1,1,0,1,1,0,0,0,0,1,0,0,0,0,0,0,0,1,0
AUT11,AUT11_EXP11,0,4,0.04050647,,35.0,1.80599,180.0,0.157,1,1,1,0,1,1,0,0,0,0,1,0,0,0,0,0,0,0,1,0
AUT11,AUT11_EXP11,0,4,0.05623671,,35.0,3.6863,180.0,0.157,1,1,1,0,1,1,0,0,0,0,1,0,0,0,0,0,0,0,1,0
AUT11,AUT11_EXP11,0,4,0.0619568,,35.0,5.67885,180.0,0.157,1,1,1,0,1,1,0,0,0,0,1,0,0,0,0,0,0,0,1,0
AUT11,AUT11_EXP11,0,4,0.07101361,,35.0,7.64335,180.0,0.157,1,1,1,0,1,1,0,0,0,0,1,0,0,0,0,0,0,0,1,0
AUT11,AUT11_EXP11,0,4,0.07530368,,35.0,9.63591,180.0,0.157,1,1,1,0,1,1,0,0,0,0,1,0,0,0,0,0,0,0,1,0
AUT11,AUT11_EXP11,0,4,0.07244363,,35.0,14.64069,180.0,0.157,1,1,1,0,1,1,0,0,0,0,1,0,0,0,0,0,0,0,1,0
AUT11,AUT11_EXP11,0,4,0.08197711,,35.0,19.57063,180.0,0.157,1,1,1,0,1,1,0,0,0,0,1,0,0,0,0,0,0,0,1,0
AUT11,AUT11_EXP12,0,3,0.08865055,,35.0,0.5244,180.0,0.0304,1,1,1,0,1,1,0,0,0,0,1,0,0,1,0,0,0,0,0,0
AUT11,AUT11_EXP12,0,3,0.22450267,,35.0,0.86117,180.0,0.0304,1,1,1,0,1,1,0,0,0,0,1,0,0,1,0,0,0,0,0,0
AUT11,AUT11_EXP12,0,3,0.27407678,,35.0,2.59179,180.0,0.0304,1,1,1,0,1,1,0,0,0,0,1,0,0,1,0,0,0,0,0,0
AUT11,AUT11_EXP12,0,3,0.38990859,,35.0,4.00436,180.0,0.0304,1,1,1,0,1,1,0,0,0,0,1,0,0,1,0,0,0,0,0,0
AUT11,AUT11_EXP12,0,3,0.42327578,,35.0,5.86595,180.0,0.0304,1,1,1,0,1,1,0,0,0,0,1,0,0,1,0,0,0,0,0,0
AUT11,AUT11_EXP12,0,3,0.53577087,,35.0,7.30658,180.0,0.0304,1,1,1,0,1,1,0,0,0,0,1,0,0,1,0,0,0,0,0,0
AUT11,AUT11_EXP12,0,3,0.5462577,,35.0,12.25523,180.0,0.0304,1,1,1,0,1,1,0,0,0,0,1,0,0,1,0,0,0,0,0,0
AUT11,AUT11_EXP12,0,3,0.70260681,,35.0,16.53034,180.0,0.0304,1,1,1,0,1,1,0,0,0,0,1,0,0,1,0,0,0,0,0,0
AUT11,AUT11_EXP13,0,3,0.05974403,,5.0,0.64451,180.0,0.5607,1,1,1,1,0,1,0,0,0,0,1,0,0,0,1,0,0,0,0,0
AUT11,AUT11_EXP13,0,3,0.07643771,,5.0,1.57052,180.0,0.5607,1,1,1,1,0,1,0,0,0,0,1,0,0,0,1,0,0,0,0,0
AUT11,AUT11_EXP13,0,3,0.08243031,,5.0,3.52358,180.0,0.5607,1,1,1,1,0,1,0,0,0,0,1,0,0,0,1,0,0,0,0,0
AUT11,AUT11_EXP13,0,3,0.07044511,,5.0,5.61975,180.0,0.5607,1,1,1,1,0,1,0,0,0,0,1,0,0,0,1,0,0,0,0,0
AUT11,AUT11_EXP13,0,3,0.0862827,,5.0,7.50546,180.0,0.5607,1,1,1,1,0,1,0,0,0,0,1,0,0,0,1,0,0,0,0,0
AUT11,AUT11_EXP13,0,3,0.0862827,,5.0,9.82051,180.0,0.5607,1,1,1,1,0,1,0,0,0,0,1,0,0,0,1,0,0,0,0,0
AUT11,AUT11_EXP13,0,3,0.08970704,,5.0,14.83784,180.0,0.5607,1,1,1,1,0,1,0,0,0,0,1,0,0,0,1,0,0,0,0,0
AUT11,AUT11_EXP13,0,3,0.09569964,,5.0,19.93094,180.0,0.5607,1,1,1,1,0,1,0,0,0,0,1,0,0,0,1,0,0,0,0,0
AUT11,AUT11_EXP14,0,1,0.0922753,,5.0,0.50139,180.0,2.545,1,1,1,1,0,1,0,0,0,0,1,0,0,0,0,0,0,0,1,0
AUT11,AUT11_EXP14,0,1,0.10297637,,5.0,1.45267,180.0,2.545,1,1,1,1,0,1,0,0,0,0,1,0,0,0,0,0,0,0,1,0
AUT11,AUT11_EXP14,0,1,0.1530574,,5.0,3.22052,180.0,2.545,1,1,1,1,0,1,0,0,0,0,1,0,0,0,0,0,0,0,1,0
AUT11,AUT11_EXP14,0,1,0.17017912,,5.0,5.12307,180.0,2.545,1,1,1,1,0,1,0,0,0,0,1,0,0,0,0,0,0,0,1,0
AUT11,AUT11_EXP14,0,1,0.15091718,,5.0,7.25291,180.0,2.545,1,1,1,1,0,1,0,0,0,0,1,0,0,0,0,0,0,0,1,0
AUT11,AUT11_EXP14,0,1,0.17831193,,5.0,9.34908,180.0,2.545,1,1,1,1,0,1,0,0,0,0,1,0,0,0,0,0,0,0,1,0
AUT11,AUT11_EXP14,0,1,0.18302041,,5.0,14.15596,180.0,2.545,1,1,1,1,0,1,0,0,0,0,1,0,0,0,0,0,0,0,1,0
AUT11,AUT11_EXP14,0,1,0.22753688,,5.0,18.77763,180.0,2.545,1,1,1,1,0,1,0,0,0,0,1,0,0,0,0,0,0,0,1,0
AUT11,AUT11_EXP15,0,1,0.17017912,,5.0,0.14782,180.0,0.0417,1,1,1,1,0,1,0,0,0,0,1,0,0,1,0,0,0,0,0,0
AUT11,AUT11_EXP15,0,1,0.30287244,,5.0,0.48456,180.0,0.0417,1,1,1,1,0,1,0,0,0,0,1,0,0,1,0,0,0,0,0,0
AUT11,AUT11_EXP15,0,1,0.45525573,,5.0,1.68838,180.0,0.0417,1,1,1,1,0,1,0,0,0,0,1,0,0,1,0,0,0,0,0,0
AUT11,AUT11_EXP15,0,1,0.53444368,,5.0,3.28787,180.0,0.0417,1,1,1,1,0,1,0,0,0,0,1,0,0,1,0,0,0,0,0,0
AUT11,AUT11_EXP15,0,1,0.60378664,,5.0,4.96312,180.0,0.0417,1,1,1,1,0,1,0,0,0,0,1,0,0,1,0,0,0,0,0,0
AUT11,AUT11_EXP15,0,1,0.63374965,,5.0,7.13505,180.0,0.0417,1,1,1,1,0,1,0,0,0,0,1,0,0,1,0,0,0,0,0,0
AUT11,AUT11_EXP15,0,1,0.70223652,,5.0,11.4705,180.0,0.0417,1,1,1,1,0,1,0,0,0,0,1,0,0,1,0,0,0,0,0,0
AUT11,AUT11_EXP15,0,1,0.72363867,,5.0,16.35314,180.0,0.0417,1,1,1,1,0,1,0,0,0,0,1,0,0,1,0,0,0,0,0,0
AUT11,AUT11_EXP16,0,2,0.0344895,,15.0,1.8171,180.0,0.5607,1,1,1,1,0,1,0,0,0,0,1,0,0,0,1,0,0,0,0,0
AUT11,AUT11_EXP16,0,2,0.06573663,,15.0,3.63546,180.0,0.5607,1,1,1,1,0,1,0,0,0,0,1,0,0,0,1,0,0,0,0,0
AUT11,AUT11_EXP16,0,2,0.07515358,,15.0,5.61377,180.0,0.5607,1,1,1,1,0,1,0,0,0,0,1,0,0,0,1,0,0,0,0,0
AUT11,AUT11_EXP16,0,2,0.08499857,,15.0,7.61734,180.0,0.5607,1,1,1,1,0,1,0,0,0,0,1,0,0,0,1,0,0,0,0,0
AUT11,AUT11_EXP16,0,2,0.07044511,,15.0,9.64616,180.0,0.5607,1,1,1,1,0,1,0,0,0,0,1,0,0,0,1,0,0,0,0,0
AUT11,AUT11_EXP16,0,2,0.08114618,,15.0,14.67192,180.0,0.5607,1,1,1,1,0,1,0,0,0,0,1,0,0,0,1,0,0,0,0,0
AUT11,AUT11_EXP16,0,2,0.10896897,,15.0,19.52931,180.0,0.5607,1,1,1,1,0,1,0,0,0,0,1,0,0,0,1,0,0,0,0,0
AUT11,AUT11_EXP17,0,0,0.08114618,,15.0,1.63189,180.0,2.545,1,1,1,1,0,1,0,0,0,0,1,0,0,0,0,0,0,0,1,0
AUT11,AUT11_EXP17,0,0,0.15562566,,15.0,3.23138,180.0,2.545,1,1,1,1,0,1,0,0,0,0,1,0,0,0,0,0,0,0,1,0
AUT11,AUT11_EXP17,0,0,0.1470648,,15.0,5.28546,180.0,2.545,1,1,1,1,0,1,0,0,0,0,1,0,0,0,0,0,0,0,1,0
AUT11,AUT11_EXP17,0,0,0.18901301,,15.0,7.05331,180.0,2.545,1,1,1,1,0,1,0,0,0,0,1,0,0,0,0,0,0,0,1,0
AUT11,AUT11_EXP17,0,0,0.19158127,,15.0,9.19999,180.0,2.545,1,1,1,1,0,1,0,0,0,0,1,0,0,0,0,0,0,0,1,0
AUT11,AUT11_EXP17,0,0,0.21555167,,15.0,13.84692,180.0,2.545,1,1,1,1,0,1,0,0,0,0,1,0,0,0,0,0,0,0,1,0
AUT11,AUT11_EXP17,0,0,0.23010513,,15.0,18.88951,180.0,2.545,1,1,1,1,0,1,0,0,0,0,1,0,0,0,0,0,0,0,1,0
AUT11,AUT11_EXP18,0,2,0.29944809,,15.0,0.47858,180.0,0.0417,1,1,1,1,0,1,0,0,0,0,1,0,0,1,0,0,0,0,0,0
AUT11,AUT11_EXP18,0,2,0.4817944,,15.0,1.58138,180.0,0.0417,1,1,1,1,0,1,0,0,0,0,1,0,0,1,0,0,0,0,0,0
AUT11,AUT11_EXP18,0,2,0.52845108,,15.0,3.34924,180.0,0.0417,1,1,1,1,0,1,0,0,0,0,1,0,0,1,0,0,0,0,0,0
AUT11,AUT11_EXP18,0,2,0.59565383,,15.0,4.88138,180.0,0.0417,1,1,1,1,0,1,0,0,0,0,1,0,0,1,0,0,0,0,0,0
AUT11,AUT11_EXP18,0,2,0.60507077,,15.0,7.0028,180.0,0.0417,1,1,1,1,0,1,0,0,0,0,1,0,0,1,0,0,0,0,0,0
AUT11,AUT11_EXP18,0,2,0.70951325,,15.0,11.46453,180.0,0.0417,1,1,1,1,0,1,0,0,0,0,1,0,0,1,0,0,0,0,0,0
AUT11,AUT11_EXP18,0,2,0.73947626,,15.0,16.29666,180.0,0.0417,1,1,1,1,0,1,0,0,0,0,1,0,0,1,0,0,0,0,0,0
AUT11,AUT11_EXP19,0,0,0.02529563,,25.0,0.93435,180.0,0.5607,1,1,1,1,0,1,0,0,0,0,1,0,0,0,1,0,0,0,0,0
AUT11,AUT11_EXP19,0,0,0.04461852,,25.0,1.79822,180.0,0.5607,1,1,1,1,0,1,0,0,0,0,1,0,0,0,1,0,0,0,0,0
AUT11,AUT11_EXP19,0,0,0.030019,,25.0,3.81952,180.0,0.5607,1,1,1,1,0,1,0,0,0,0,1,0,0,0,1,0,0,0,0,0
AUT11,AUT11_EXP19,0,0,0.06265321,,25.0,5.64791,180.0,0.5607,1,1,1,1,0,1,0,0,0,0,1,0,0,0,1,0,0,0,0,0
AUT11,AUT11_EXP19,0,0,0.04547731,,25.0,7.78663,180.0,0.5607,1,1,1,1,0,1,0,0,0,0,1,0,0,0,1,0,0,0,0,0
AUT11,AUT11_EXP19,0,0,0.06737659,,25.0,9.92535,180.0,0.5607,1,1,1,1,0,1,0,0,0,0,1,0,0,0,1,0,0,0,0,0
AUT11,AUT11_EXP19,0,0,0.08068791,,25.0,14.50473,180.0,0.5607,1,1,1,1,0,1,0,0,0,0,1,0,0,0,1,0,0,0,0,0
AUT11,AUT11_EXP19,0,0,0.09142285,,25.0,19.51184,180.0,0.5607,1,1,1,1,0,1,0,0,0,0,1,0,0,0,1,0,0,0,0,0
AUT11,AUT11_EXP20,0,2,0.02658382,,25.0,0.8337,180.0,2.545,1,1,1,1,0,1,0,0,0,0,1,0,0,0,0,0,0,0,1,0
AUT11,AUT11_EXP20,0,2,0.05664165,,25.0,1.6808,180.0,2.545,1,1,1,1,0,1,0,0,0,0,1,0,0,0,0,0,0,0,1,0
AUT11,AUT11_EXP20,0,2,0.06351201,,25.0,3.7021,180.0,2.545,1,1,1,1,0,1,0,0,0,0,1,0,0,0,0,0,0,0,1,0
AUT11,AUT11_EXP20,0,2,0.12148068,,25.0,5.53049,180.0,2.545,1,1,1,1,0,1,0,0,0,0,1,0,0,0,0,0,0,0,1,0
AUT11,AUT11_EXP20,0,2,0.15497368,,25.0,7.45953,180.0,2.545,1,1,1,1,0,1,0,0,0,0,1,0,0,0,0,0,0,0,1,0
AUT11,AUT11_EXP20,0,2,0.14552694,,25.0,9.41374,180.0,2.545,1,1,1,1,0,1,0,0,0,0,1,0,0,0,0,0,0,0,1,0
AUT11,AUT11_EXP20,0,2,0.19705464,,25.0,14.69763,180.0,2.545,1,1,1,1,0,1,0,0,0,0,1,0,0,0,0,0,0,0,1,0
AUT11,AUT11_EXP20,0,2,0.21508934,,25.0,18.74023,180.0,2.545,1,1,1,1,0,1,0,0,0,0,1,0,0,0,0,0,0,0,1,0
AUT11,AUT11_EXP21,0,0,0.18889609,,25.0,0.08725,180.0,0.0417,1,1,1,1,0,1,0,0,0,0,1,0,0,1,0,0,0,0,0,0
AUT11,AUT11_EXP21,0,0,0.31857414,,25.0,0.43951,180.0,0.0417,1,1,1,1,0,1,0,0,0,0,1,0,0,1,0,0,0,0,0,0
AUT11,AUT11_EXP21,0,0,0.45340497,,25.0,1.75628,180.0,0.0417,1,1,1,1,0,1,0,0,0,0,1,0,0,1,0,0,0,0,0,0
AUT11,AUT11_EXP21,0,0,0.55646038,,25.0,3.25758,180.0,0.0417,1,1,1,1,0,1,0,0,0,0,1,0,0,1,0,0,0,0,0,0
AUT11,AUT11_EXP21,0,0,0.62044061,,25.0,4.8763,180.0,0.0417,1,1,1,1,0,1,0,0,0,0,1,0,0,1,0,0,0,0,0,0
AUT11,AUT11_EXP21,0,0,0.61786422,,25.0,6.92276,180.0,0.0417,1,1,1,1,0,1,0,0,0,0,1,0,0,1,0,0,0,0,0,0
AUT11,AUT11_EXP21,0,0,0.68055626,,25.0,11.07439,180.0,0.0417,1,1,1,1,0,1,0,0,0,0,1,0,0,1,0,0,0,0,0,0
AUT11,AUT11_EXP21,0,0,0.75741842,,25.0,16.22409,180.0,0.0417,1,1,1,1,0,1,0,0,0,0,1,0,0,1,0,0,0,0,0,0
AUT11,AUT11_EXP22,0,1,0.05750044,,35.0,1.74326,180.0,0.5607,1,1,1,1,0,1,0,0,0,0,1,0,0,0,1,0,0,0,0,0
AUT11,AUT11_EXP22,0,1,0.05750044,,35.0,3.7394,180.0,0.5607,1,1,1,1,0,1,0,0,0,0,1,0,0,0,1,0,0,0,0,0
AUT11,AUT11_EXP22,0,1,0.08412309,,35.0,5.5678,180.0,0.5607,1,1,1,1,0,1,0,0,0,0,1,0,0,0,1,0,0,0,0,0
AUT11,AUT11_EXP22,0,1,0.0995814,,35.0,7.68135,180.0,0.5607,1,1,1,1,0,1,0,0,0,0,1,0,0,0,1,0,0,0,0,0
AUT11,AUT11_EXP22,0,1,0.10473417,,35.0,9.42588,180.0,0.5607,1,1,1,1,0,1,0,0,0,0,1,0,0,0,1,0,0,0,0,0
AUT11,AUT11_EXP22,0,1,0.14166236,,35.0,14.7517,180.0,0.5607,1,1,1,1,0,1,0,0,0,0,1,0,0,0,1,0,0,0,0,0
AUT11,AUT11_EXP22,0,1,0.16570862,,35.0,19.14656,180.0,0.5607,1,1,1,1,0,1,0,0,0,0,1,0,0,0,1,0,0,0,0,0
AUT11,AUT11_EXP23,0,4,0.13822718,,35.0,1.29874,180.0,2.545,1,1,1,1,0,1,0,0,0,0,1,0,0,0,0,0,0,0,1,0
AUT11,AUT11_EXP23,0,4,0.19361946,,35.0,2.98456,180.0,2.545,1,1,1,1,0,1,0,0,0,0,1,0,0,0,0,0,0,0,1,0
AUT11,AUT11_EXP23,0,4,0.21036596,,35.0,4.88844,180.0,2.545,1,1,1,1,0,1,0,0,0,0,1,0,0,0,0,0,0,0,1,0
AUT11,AUT11_EXP23,0,4,0.22968885,,35.0,6.84264,180.0,2.545,1,1,1,1,0,1,0,0,0,0,1,0,0,0,0,0,0,0,1,0
AUT11,AUT11_EXP23,0,4,0.31599776,,35.0,8.38587,180.0,2.545,1,1,1,1,0,1,0,0,0,0,1,0,0,0,0,0,0,0,1,0
AUT11,AUT11_EXP23,0,4,0.34992016,,35.0,13.86267,180.0,2.545,1,1,1,1,0,1,0,0,0,0,1,0,0,0,0,0,0,0,1,0
AUT11,AUT11_EXP23,0,4,0.39071293,,35.0,17.99752,180.0,2.545,1,1,1,1,0,1,0,0,0,0,1,0,0,0,0,0,0,0,1,0
AUT11,AUT11_EXP24,0,3,0.15969706,,35.0,0.16648,180.0,0.0417,1,1,1,1,0,1,0,0,0,0,1,0,0,1,0,0,0,0,0,0
AUT11,AUT11_EXP24,0,3,0.31599776,,35.0,0.42648,180.0,0.0417,1,1,1,1,0,1,0,0,0,0,1,0,0,1,0,0,0,0,0,0
AUT11,AUT11_EXP24,0,3,0.4821746,,35.0,1.60068,180.0,0.0417,1,1,1,1,0,1,0,0,0,0,1,0,0,1,0,0,0,0,0,0
AUT11,AUT11_EXP24,0,3,0.62774037,,35.0,2.84198,180.0,0.0417,1,1,1,1,0,1,0,0,0,0,1,0,0,1,0,0,0,0,0,0
AUT11,AUT11_EXP24,0,3,0.65178663,,35.0,4.72908,180.0,0.0417,1,1,1,1,0,1,0,0,0,0,1,0,0,1,0,0,0,0,0,0
AUT11,AUT11_EXP24,0,3,0.67583289,,35.0,6.62457,180.0,0.0417,1,1,1,1,0,1,0,0,0,0,1,0,0,1,0,0,0,0,0,0
AUT11,AUT11_EXP24,0,3,0.69987915,,35.0,11.48911,180.0,0.0417,1,1,1,1,0,1,0,0,0,0,1,0,0,1,0,0,0,0,0,0
AUT12,AUT12_EXP01,3,1,0.00098446,6.8,25.0,0.13726,60.0,1.20788,1,1,1,0,1,0,0,0,0,0,0,1,0,0,0,0,0,0,0,1
AUT12,AUT12_EXP01,3,1,0.0017323,6.8,25.0,0.00370721,60.0,1.20788,1,1,1,0,1,0,0,0,0,0,0,1,0,0,0,0,0,0,0,1
AUT12,AUT12_EXP01,3,1,0.00337757,6.8,25.0,0.00727717,60.0,1.20788,1,1,1,0,1,0,0,0,0,0,0,1,0,0,0,0,0,0,0,1
AUT12,AUT12_EXP01,3,1,0.00352714,6.8,25.0,0.01184203,60.0,1.20788,1,1,1,0,1,0,0,0,0,0,0,1,0,0,0,0,0,0,0,1
AUT12,AUT12_EXP01,3,1,0.00606982,6.8,25.0,0.01904046,60.0,1.20788,1,1,1,0,1,0,0,0,0,0,0,1,0,0,0,0,0,0,0,1
AUT12,AUT12_EXP01,3,1,0.00771508,6.8,25.0,0.04250853,60.0,1.20788,1,1,1,0,1,0,0,0,0,0,0,1,0,0,0,0,0,0,0,1
AUT12,AUT12_EXP02,3,0,0.00068532,6.8,25.0,0.00019578,60.0,1.55175,1,1,1,1,0,0,0,0,0,0,0,1,0,0,0,0,0,0,0,1
AUT12,AUT12_EXP02,3,0,0.00502283,6.8,25.0,0.00113216,60.0,1.55175,1,1,1,1,0,0,0,0,0,0,0,1,0,0,0,0,0,0,0,1
AUT12,AUT12_EXP02,3,0,0.00846293,6.8,25.0,0.00230264,60.0,1.55175,1,1,1,1,0,0,0,0,0,0,0,1,0,0,0,0,0,0,0,1
AUT12,AUT12_EXP02,3,0,0.01160389,6.8,25.0,0.00353164,60.0,1.55175,1,1,1,1,0,0,0,0,0,0,0,1,0,0,0,0,0,0,0,1
AUT12,AUT12_EXP02,3,0,0.01923192,6.8,25.0,0.00534588,60.0,1.55175,1,1,1,1,0,0,0,0,0,0,0,1,0,0,0,0,0,0,0,1
AUT12,AUT12_EXP02,3,0,0.0398725,6.8,25.0,0.0105545,60.0,1.55175,1,1,1,1,0,0,0,0,0,0,0,1,0,0,0,0,0,0,0,1
AUT12,AUT12_EXP03,3,4,0.00015991,6.8,25.0,3.93e-05,60.0,0.92286,1,1,1,0,1,0,0,0,0,0,0,1,0,0,0,1,0,0,0,0
AUT12,AUT12_EXP03,3,4,0.00175481,6.8,25.0,0.00315548,60.0,0.92286,1,1,1,0,1,0,0,0,0,0,0,1,0,0,0,1,0,0,0,0
AUT12,AUT12_EXP03,3,4,0.00243264,6.8,25.0,0.00749242,60.0,0.92286,1,1,1,0,1,0,0,0,0,0,0,1,0,0,0,1,0,0,0,0
AUT12,AUT12_EXP03,3,4,0.00330984,6.8,25.0,0.011733,60.0,0.92286,1,1,1,0,1,0,0,0,0,0,0,1,0,0,0,1,0,0,0,0
AUT12,AUT12_EXP03,3,4,0.00362882,6.8,25.0,0.02140279,60.0,0.92286,1,1,1,0,1,0,0,0,0,0,0,1,0,0,0,1,0,0,0,0
AUT12,AUT12_EXP03,3,4,0.00478512,6.8,25.0,0.04504719,60.0,0.92286,1,1,1,0,1,0,0,0,0,0,0,1,0,0,0,1,0,0,0,0
AUT12,AUT12_EXP04,3,1,0.00027953,6.8,25.0,3.93e-05,60.0,0.83792,1,1,1,1,0,0,0,0,0,0,0,1,0,0,0,1,0,0,0,0
AUT12,AUT12_EXP04,3,1,0.0046655,6.8,25.0,0.00032843,60.0,0.83792,1,1,1,1,0,0,0,0,0,0,0,1,0,0,0,1,0,0,0,0
AUT12,AUT12_EXP04,3,1,0.00905147,6.8,25.0,0.00097094,60.0,0.83792,1,1,1,1,0,0,0,0,0,0,0,1,0,0,0,1,0,0,0,0
AUT12,AUT12_EXP04,3,1,0.01399566,6.8,25.0,0.00103519,60.0,0.83792,1,1,1,1,0,0,0,0,0,0,0,1,0,0,0,1,0,0,0,0
AUT12,AUT12_EXP04,3,1,0.02149168,6.8,25.0,0.00344461,60.0,0.83792,1,1,1,1,0,0,0,0,0,0,0,1,0,0,0,1,0,0,0,0
AUT12,AUT12_EXP04,3,1,0.03177877,6.8,25.0,0.01825448,60.0,0.83792,1,1,1,1,0,0,0,0,0,0,0,1,0,0,0,1,0,0,0,0
AUT12,AUT12_EXP05,3,2,0.00012004,6.8,25.0,7.17e-06,60.0,0.67877,1,1,1,0,1,0,0,0,0,0,0,1,0,0,0,0,0,0,1,0
AUT12,AUT12_EXP05,3,2,0.0030706,6.8,25.0,0.00221314,60.0,0.67877,1,1,1,0,1,0,0,0,0,0,0,1,0,0,0,0,0,0,1,0
AUT12,AUT12_EXP05,3,2,0.00386805,6.8,25.0,0.00610674,60.0,0.67877,1,1,1,0,1,0,0,0,0,0,0,1,0,0,0,0,0,0,1,0
AUT12,AUT12_EXP05,3,2,0.00390792,6.8,25.0,0.01099787,60.0,0.67877,1,1,1,0,1,0,0,0,0,0,0,1,0,0,0,0,0,0,1,0
AUT12,AUT12_EXP05,3,2,0.00462563,6.8,25.0,0.02032963,60.0,0.67877,1,1,1,0,1,0,0,0,0,0,0,1,0,0,0,0,0,0,1,0
AUT12,AUT12_EXP05,3,2,0.00586167,6.8,25.0,0.04420606,60.0,0.67877,1,1,1,0,1,0,0,0,0,0,0,1,0,0,0,0,0,0,1,0
AUT12,AUT12_EXP06,3,2,0.00015991,6.8,25.0,5.72e-05,60.0,1.15927,1,1,1,1,0,0,0,0,0,0,0,1,0,0,0,0,0,0,1,0
AUT12,AUT12_EXP06,3,2,0.00486486,6.8,25.0,0.00015372,60.0,1.15927,1,1,1,1,0,0,0,0,0,0,0,1,0,0,0,0,0,0,1,0
AUT12,AUT12_EXP06,3,2,0.00925083,6.8,25.0,0.00076511,60.0,1.15927,1,1,1,1,0,0,0,0,0,0,0,1,0,0,0,0,0,0,1,0
AUT12,AUT12_EXP06,3,2,0.01319821,6.8,25.0,0.00185918,60.0,1.15927,1,1,1,1,0,0,0,0,0,0,0,1,0,0,0,0,0,0,1,0
AUT12,AUT12_EXP06,3,2,0.02145181,6.8,25.0,0.00359682,60.0,1.15927,1,1,1,1,0,0,0,0,0,0,0,1,0,0,0,0,0,0,1,0
AUT12,AUT12_EXP06,3,2,0.02914719,6.8,25.0,0.02090884,60.0,1.15927,1,1,1,1,0,0,0,0,0,0,0,1,0,0,0,0,0,0,1,0
AUT12,AUT12_EXP07,3,3,0.00021003,6.8,25.0,8.91e-05,60.0,1.4443,1,1,1,0,1,0,0,0,0,0,0,1,0,0,1,0,0,0,0,0
AUT12,AUT12_EXP07,3,3,0.00318528,6.8,25.0,0.00175686,60.0,1.4443,1,1,1,0,1,0,0,0,0,0,0,1,0,0,1,0,0,0,0,0
AUT12,AUT12_EXP07,3,3,0.00437538,6.8,25.0,0.00573388,60.0,1.4443,1,1,1,0,1,0,0,0,0,0,0,1,0,0,1,0,0,0,0,0
AUT12,AUT12_EXP07,3,3,0.00385967,6.8,25.0,0.01112211,60.0,1.4443,1,1,1,0,1,0,0,0,0,0,0,1,0,0,1,0,0,0,0,0
AUT12,AUT12_EXP07,3,3,0.00330429,6.8,25.0,0.02141748,60.0,1.4443,1,1,1,0,1,0,0,0,0,0,0,1,0,0,1,0,0,0,0,0
AUT12,AUT12_EXP07,3,3,0.00449439,6.8,25.0,0.04537587,60.0,1.4443,1,1,1,0,1,0,0,0,0,0,0,1,0,0,1,0,0,0,0,0
AUT12,AUT12_EXP08,3,0,0.0002497,6.8,25.0,8.91e-05,60.0,1.70373,1,1,1,1,0,0,0,0,0,0,0,1,0,0,1,0,0,0,0,0
AUT12,AUT12_EXP08,3,0,0.00350264,6.8,25.0,0.00133991,60.0,1.70373,1,1,1,1,0,0,0,0,0,0,0,1,0,0,1,0,0,0,0,0
AUT12,AUT12_EXP08,3,0,0.00834239,6.8,25.0,0.00166064,60.0,1.70373,1,1,1,1,0,0,0,0,0,0,0,1,0,0,1,0,0,0,0,0
AUT12,AUT12_EXP08,3,0,0.01072259,6.8,25.0,0.00425854,60.0,1.70373,1,1,1,1,0,0,0,0,0,0,0,1,0,0,1,0,0,0,0,0
AUT12,AUT12_EXP08,3,0,0.01437224,6.8,25.0,0.01060895,60.0,1.70373,1,1,1,1,0,0,0,0,0,0,0,1,0,0,1,0,0,0,0,0
AUT12,AUT12_EXP08,3,0,0.0150863,6.8,25.0,0.0347277,60.0,1.70373,1,1,1,1,0,0,0,0,0,0,0,1,0,0,1,0,0,0,0,0
AUT12,AUT12_EXP09,3,1,0.00017473,6.8,25.0,3.94e-05,60.0,0.52987,1,1,1,0,1,0,0,0,0,0,0,1,0,0,0,0,0,1,0,0
AUT12,AUT12_EXP09,3,1,0.00336272,6.8,25.0,0.001777,60.0,0.52987,1,1,1,0,1,0,0,0,0,0,0,1,0,0,0,0,0,1,0,0
AUT12,AUT12_EXP09,3,1,0.00538842,6.8,25.0,0.00457653,60.0,0.52987,1,1,1,0,1,0,0,0,0,0,0,1,0,0,0,0,0,1,0,0
AUT12,AUT12_EXP09,3,1,0.00611901,6.8,25.0,0.01892813,60.0,0.52987,1,1,1,0,1,0,0,0,0,0,0,1,0,0,0,0,0,1,0,0
AUT12,AUT12_EXP09,3,1,0.00665034,6.8,25.0,0.04351248,60.0,0.52987,1,1,1,0,1,0,0,0,0,0,0,1,0,0,0,0,0,1,0,0
AUT12,AUT12_EXP10,3,4,0.00017473,6.8,25.0,3.94e-05,60.0,1.29385,1,1,1,1,0,0,0,0,0,0,0,1,0,0,0,0,0,1,0,0
AUT12,AUT12_EXP10,3,4,0.00342914,6.8,25.0,0.00171264,60.0,1.29385,1,1,1,1,0,0,0,0,0,0,0,1,0,0,0,0,0,1,0,0
AUT12,AUT12_EXP10,3,4,0.006916,6.8,25.0,0.00306414,60.0,1.29385,1,1,1,1,0,0,0,0,0,0,0,1,0,0,0,0,0,1,0,0
AUT12,AUT12_EXP10,3,4,0.01023682,6.8,25.0,0.00457653,60.0,1.29385,1,1,1,1,0,0,0,0,0,0,0,1,0,0,0,0,0,1,0,0
AUT12,AUT12_EXP10,3,4,0.01681205,6.8,25.0,0.00818052,60.0,1.29385,1,1,1,1,0,0,0,0,0,0,0,1,0,0,0,0,0,1,0,0
AUT12,AUT12_EXP10,3,4,0.02624319,6.8,25.0,0.02388361,60.0,1.29385,1,1,1,1,0,0,0,0,0,0,0,1,0,0,0,0,0,1,0,0
AUT12,AUT12_EXP11,3,0,0.00013169,6.8,25.0,1.74e-05,60.0,0.19879,1,1,1,0,1,0,0,0,0,0,0,1,0,1,0,0,0,0,0,0
AUT12,AUT12_EXP11,3,0,0.00376936,6.8,25.0,0.00121202,60.0,0.19879,1,1,1,0,1,0,0,0,0,0,0,1,0,1,0,0,0,0,0,0
AUT12,AUT12_EXP11,3,0,0.00752696,6.8,25.0,0.00252796,60.0,0.19879,1,1,1,0,1,0,0,0,0,0,0,1,0,1,0,0,0,0,0,0
AUT12,AUT12_EXP11,3,0,0.00896604,6.8,25.0,0.00611177,60.0,0.19879,1,1,1,0,1,0,0,0,0,0,0,1,0,1,0,0,0,0,0,0
AUT12,AUT12_EXP11,3,0,0.01236387,6.8,25.0,0.01271944,60.0,0.19879,1,1,1,0,1,0,0,0,0,0,0,1,0,1,0,0,0,0,0,0
AUT12,AUT12_EXP12,3,3,0.00021164,6.8,25.0,8.09e-06,60.0,0.48535,1,1,1,1,0,0,0,0,0,0,0,1,0,1,0,0,0,0,0,0
AUT12,AUT12_EXP12,3,3,0.00484867,6.8,25.0,0.00015741,60.0,0.48535,1,1,1,1,0,0,0,0,0,0,0,1,0,1,0,0,0,0,0,0
AUT12,AUT12_EXP12,3,3,0.00912594,6.8,25.0,0.00088538,60.0,0.48535,1,1,1,1,0,0,0,0,0,0,0,1,0,1,0,0,0,0,0,0
AUT12,AUT12_EXP12,3,3,0.01376297,6.8,25.0,0.00124936,60.0,0.48535,1,1,1,1,0,0,0,0,0,0,0,1,0,1,0,0,0,0,0,0
AUT12,AUT12_EXP12,3,3,0.02279719,6.8,25.0,0.00230397,60.0,0.48535,1,1,1,1,0,0,0,0,0,0,0,1,0,1,0,0,0,0,0,0
AUT12,AUT12_EXP12,3,3,0.04474316,6.8,25.0,0.00543981,60.0,0.48535,1,1,1,1,0,0,0,0,0,0,0,1,0,1,0,0,0,0,0,0
AUT13,AUT13_EXP01,1,2,0.000264173,,25.0,0.01458,185.0,,1,1,1,0,1,1,0,0,1,1,0,0,0,1,0,0,0,0,0,0
AUT13,AUT13_EXP01,1,2,0.01815,,25.0,0.56966,185.0,,1,1,1,0,1,1,0,0,1,1,0,0,0,1,0,0,0,0,0,0
AUT13,AUT13_EXP01,1,2,0.05059,,25.0,1.37848,185.0,,1,1,1,0,1,1,0,0,1,1,0,0,0,1,0,0,0,0,0,0
AUT13,AUT13_EXP01,1,2,0.09344,,25.0,4.45518,185.0,,1,1,1,0,1,1,0,0,1,1,0,0,0,1,0,0,0,0,0,0
AUT13,AUT13_EXP01,1,2,0.10325,,25.0,6.09662,185.0,,1,1,1,0,1,1,0,0,1,1,0,0,0,1,0,0,0,0,0,0
AUT13,AUT13_EXP01,1,2,0.10091,,25.0,9.07419,185.0,,1,1,1,0,1,1,0,0,1,1,0,0,0,1,0,0,0,0,0,0
AUT13,AUT13_EXP01,1,2,0.53648,,25.0,71.27161,185.0,,1,1,1,0,1,1,0,0,1,1,0,0,0,1,0,0,0,0,0,0
AUT14,AUT14_EXP01,1,3,0.0154,,25.0,0.42184,140.0,0.47,1,1,1,0,1,1,0,0,0,1,0,0,0,0,0,0,0,0,1,0
AUT14,AUT14_EXP01,1,3,0.0203,,25.0,0.89405,140.0,0.47,1,1,1,0,1,1,0,0,0,1,0,0,0,0,0,0,0,0,1,0
AUT14,AUT14_EXP01,1,3,0.0367,,25.0,1.7401,140.0,0.47,1,1,1,0,1,1,0,0,0,1,0,0,0,0,0,0,0,0,1,0
AUT14,AUT14_EXP01,1,3,0.06119,,25.0,3.64863,140.0,0.47,1,1,1,0,1,1,0,0,0,1,0,0,0,0,0,0,0,0,1,0
AUT14,AUT14_EXP01,1,3,0.09342,,25.0,7.44601,140.0,0.47,1,1,1,0,1,1,0,0,0,1,0,0,0,0,0,0,0,0,1,0
AUT14,AUT14_EXP01,1,3,0.10227,,25.0,16.1426,140.0,0.47,1,1,1,0,1,1,0,0,0,1,0,0,0,0,0,0,0,0,1,0
AUT14,AUT14_EXP01,1,3,0.12149,,25.0,23.2258,140.0,0.47,1,1,1,0,1,1,0,0,0,1,0,0,0,0,0,0,0,0,1,0
AUT14,AUT14_EXP01,1,3,0.13996,,25.0,31.01732,140.0,0.47,1,1,1,0,1,1,0,0,0,1,0,0,0,0,0,0,0,0,1,0
AUT14,AUT14_EXP01,1,3,0.14486,,25.0,37.52992,140.0,0.47,1,1,1,0,1,1,0,0,0,1,0,0,0,0,0,0,0,0,1,0
AUT14,AUT14_EXP02,1,2,0.02275,,25.0,0.38249,140.0,0.98,1,1,1,1,0,1,0,0,0,1,0,0,0,0,0,0,0,0,1,0
AUT14,AUT14_EXP02,1,2,0.02482,,25.0,0.67762,140.0,0.98,1,1,1,1,0,1,0,0,0,1,0,0,0,0,0,0,0,0,1,0
AUT14,AUT14_EXP02,1,2,0.04235,,25.0,1.77945,140.0,0.98,1,1,1,1,0,1,0,0,0,1,0,0,0,0,0,0,0,0,1,0
AUT14,AUT14_EXP02,1,2,0.06477,,25.0,4.16019,140.0,0.98,1,1,1,1,0,1,0,0,0,1,0,0,0,0,0,0,0,0,1,0
AUT14,AUT14_EXP02,1,2,0.07627,,25.0,7.40666,140.0,0.98,1,1,1,1,0,1,0,0,0,1,0,0,0,0,0,0,0,0,1,0
AUT14,AUT14_EXP02,1,2,0.10962,,25.0,14.31278,140.0,0.98,1,1,1,1,0,1,0,0,0,1,0,0,0,0,0,0,0,0,1,0
AUT14,AUT14_EXP02,1,2,0.15786,,25.0,22.10429,140.0,0.98,1,1,1,1,0,1,0,0,0,1,0,0,0,0,0,0,0,0,1,0
AUT14,AUT14_EXP02,1,2,0.17539,,25.0,30.84024,140.0,0.98,1,1,1,1,0,1,0,0,0,1,0,0,0,0,0,0,0,0,1,0
AUT14,AUT14_EXP02,1,2,0.19178,,25.0,37.96279,140.0,0.98,1,1,1,1,0,1,0,0,0,1,0,0,0,0,0,0,0,0,1,0
AUT14,AUT14_EXP03,1,2,0.0382,,25.0,0.20541,140.0,2.79,1,1,1,1,0,1,0,0,0,1,0,0,0,0,0,0,0,0,1,0
AUT14,AUT14_EXP03,1,2,0.07344,,25.0,0.46119,140.0,2.79,1,1,1,1,0,1,0,0,0,1,0,0,0,0,0,0,0,0,1,0
AUT14,AUT14_EXP03,1,2,0.09342,,25.0,1.6614,140.0,2.79,1,1,1,1,0,1,0,0,0,1,0,0,0,0,0,0,0,0,1,0
AUT14,AUT14_EXP03,1,2,0.12357,,25.0,3.45187,140.0,2.79,1,1,1,1,0,1,0,0,0,1,0,0,0,0,0,0,0,0,1,0
AUT14,AUT14_EXP03,1,2,0.1443,,25.0,6.59996,140.0,2.79,1,1,1,1,0,1,0,0,0,1,0,0,0,0,0,0,0,0,1,0
AUT14,AUT14_EXP03,1,2,0.16729,,25.0,14.17505,140.0,2.79,1,1,1,1,0,1,0,0,0,1,0,0,0,0,0,0,0,0,1,0
AUT14,AUT14_EXP03,1,2,0.22514,,25.0,21.55338,140.0,2.79,1,1,1,1,0,1,0,0,0,1,0,0,0,0,0,0,0,0,1,0
AUT14,AUT14_EXP03,1,2,0.24756,,25.0,29.40392,140.0,2.79,1,1,1,1,0,1,0,0,0,1,0,0,0,0,0,0,0,0,1,0
AUT14,AUT14_EXP03,1,2,0.26471,,25.0,37.88408,140.0,2.79,1,1,1,1,0,1,0,0,0,1,0,0,0,0,0,0,0,0,1,0
AUT14,AUT14_EXP04,1,4,0.0144,,25.0,0.38417,140.0,0.47,1,1,1,0,1,1,0,0,0,1,0,0,0,0,0,0,0,0,1,0
AUT14,AUT14_EXP04,1,4,0.02551,,25.0,0.77662,140.0,0.47,1,1,1,0,1,1,0,0,0,1,0,0,0,0,0,0,0,0,1,0
AUT14,AUT14_EXP04,1,4,0.03607,,25.0,1.14943,140.0,0.47,1,1,1,0,1,1,0,0,0,1,0,0,0,0,0,0,0,0,1,0
AUT14,AUT14_EXP04,1,4,0.04329,,25.0,3.40596,140.0,0.47,1,1,1,0,1,1,0,0,0,1,0,0,0,0,0,0,0,0,1,0
AUT14,AUT14_EXP04,1,4,0.07163,,25.0,7.48734,140.0,0.47,1,1,1,0,1,1,0,0,0,1,0,0,0,0,0,0,0,0,1,0
AUT14,AUT14_EXP04,1,4,0.09608,,25.0,14.92409,140.0,0.47,1,1,1,0,1,1,0,0,0,1,0,0,0,0,0,0,0,0,1,0
AUT14,AUT14_EXP04,1,4,0.10738,,25.0,23.0476,140.0,0.47,1,1,1,0,1,1,0,0,0,1,0,0,0,0,0,0,0,0,1,0
AUT14,AUT14_EXP04,1,4,0.13386,,25.0,30.2685,140.0,0.47,1,1,1,0,1,1,0,0,0,1,0,0,0,0,0,0,0,0,1,0
AUT14,AUT14_EXP04,1,4,0.14034,,25.0,37.54827,140.0,0.47,1,1,1,0,1,1,0,0,0,1,0,0,0,0,0,0,0,0,1,0
AUT14,AUT14_EXP05,1,1,0.02199,,25.0,0.34493,140.0,0.98,1,1,1,1,0,1,0,0,0,1,0,0,0,0,0,0,0,0,1,0
AUT14,AUT14_EXP05,1,1,0.02069,,25.0,0.89435,140.0,0.98,1,1,1,1,0,1,0,0,0,1,0,0,0,0,0,0,0,0,1,0
AUT14,AUT14_EXP05,1,1,0.03996,,25.0,1.24754,140.0,0.98,1,1,1,1,0,1,0,0,0,1,0,0,0,0,0,0,0,0,1,0
AUT14,AUT14_EXP05,1,1,0.0657,,25.0,3.28823,140.0,0.98,1,1,1,1,0,1,0,0,0,1,0,0,0,0,0,0,0,0,1,0
AUT14,AUT14_EXP05,1,1,0.09608,,25.0,7.31075,140.0,0.98,1,1,1,1,0,1,0,0,0,1,0,0,0,0,0,0,0,0,1,0
AUT14,AUT14_EXP05,1,1,0.11904,,25.0,14.88484,140.0,0.98,1,1,1,1,0,1,0,0,0,1,0,0,0,0,0,0,0,0,1,0
AUT14,AUT14_EXP05,1,1,0.16035,,25.0,22.79251,140.0,0.98,1,1,1,1,0,1,0,0,0,1,0,0,0,0,0,0,0,0,1,0
AUT14,AUT14_EXP05,1,1,0.20406,,25.0,29.97417,140.0,0.98,1,1,1,1,0,1,0,0,0,1,0,0,0,0,0,0,0,0,1,0
AUT14,AUT14_EXP05,1,1,0.21499,,25.0,37.23431,140.0,0.98,1,1,1,1,0,1,0,0,0,1,0,0,0,0,0,0,0,0,1,0
AUT14,AUT14_EXP06,1,3,0.03848,,25.0,0.44304,140.0,2.79,1,1,1,1,0,1,0,0,0,1,0,0,0,0,0,0,0,0,1,0
AUT14,AUT14_EXP06,1,3,0.0544,,25.0,0.81586,140.0,2.79,1,1,1,1,0,1,0,0,0,1,0,0,0,0,0,0,0,0,1,0
AUT14,AUT14_EXP06,1,3,0.087,,25.0,1.50263,140.0,2.79,1,1,1,1,0,1,0,0,0,1,0,0,0,0,0,0,0,0,1,0
AUT14,AUT14_EXP06,1,3,0.12071,,25.0,3.70029,140.0,2.79,1,1,1,1,0,1,0,0,0,1,0,0,0,0,0,0,0,0,1,0
AUT14,AUT14_EXP06,1,3,0.14071,,25.0,7.4481,140.0,2.79,1,1,1,1,0,1,0,0,0,1,0,0,0,0,0,0,0,0,1,0
AUT14,AUT14_EXP06,1,3,0.19091,,25.0,13.90374,140.0,2.79,1,1,1,1,0,1,0,0,0,1,0,0,0,0,0,0,0,0,1,0
AUT14,AUT14_EXP06,1,3,0.22406,,25.0,21.69368,140.0,2.79,1,1,1,1,0,1,0,0,0,1,0,0,0,0,0,0,0,0,1,0
AUT14,AUT14_EXP06,1,3,0.24462,,25.0,30.4451,140.0,2.79,1,1,1,1,0,1,0,0,0,1,0,0,0,0,0,0,0,0,1,0
AUT14,AUT14_EXP06,1,3,0.27425,,25.0,37.41091,140.0,2.79,1,1,1,1,0,1,0,0,0,1,0,0,0,0,0,0,0,0,1,0
AUT14,AUT14_EXP07,1,1,0.03013,,25.0,1.78777,140.0,0.17,1,1,1,0,1,1,0,0,0,1,0,0,0,0,0,1,0,0,0,0
AUT14,AUT14_EXP07,1,1,0.06425,,25.0,3.59784,140.0,0.17,1,1,1,0,1,1,0,0,0,1,0,0,0,0,0,1,0,0,0,0
AUT14,AUT14_EXP07,1,1,0.08896,,25.0,7.41261,140.0,0.17,1,1,1,0,1,1,0,0,0,1,0,0,0,0,0,1,0,0,0,0
AUT14,AUT14_EXP07,1,1,0.11718,,25.0,16.05424,140.0,0.17,1,1,1,0,1,1,0,0,0,1,0,0,0,0,0,1,0,0,0,0
AUT14,AUT14_EXP07,1,1,0.14911,,25.0,23.0999,140.0,0.17,1,1,1,0,1,1,0,0,0,1,0,0,0,0,0,1,0,0,0,0
AUT14,AUT14_EXP07,1,1,0.17338,,25.0,30.80729,140.0,0.17,1,1,1,0,1,1,0,0,0,1,0,0,0,0,0,1,0,0,0,0
AUT14,AUT14_EXP07,1,1,0.1677,,25.0,37.28852,140.0,0.17,1,1,1,0,1,1,0,0,0,1,0,0,0,0,0,1,0,0,0,0
AUT14,AUT14_EXP08,1,4,0.01985,,25.0,0.19179,140.0,1.01,1,1,1,1,0,1,0,0,0,1,0,0,0,0,0,1,0,0,0,0
AUT14,AUT14_EXP08,1,4,0.03582,,25.0,0.63944,140.0,1.01,1,1,1,1,0,1,0,0,0,1,0,0,0,0,0,1,0,0,0,0
AUT14,AUT14_EXP08,1,4,0.06622,,25.0,1.70992,140.0,1.01,1,1,1,1,0,1,0,0,0,1,0,0,0,0,0,1,0,0,0,0
AUT14,AUT14_EXP08,1,4,0.09574,,25.0,3.50052,140.0,1.01,1,1,1,1,0,1,0,0,0,1,0,0,0,0,0,1,0,0,0,0
AUT14,AUT14_EXP08,1,4,0.09793,,25.0,6.80926,140.0,1.01,1,1,1,1,0,1,0,0,0,1,0,0,0,0,0,1,0,0,0,0
AUT14,AUT14_EXP08,1,4,0.15479,,25.0,14.14686,140.0,1.01,1,1,1,1,0,1,0,0,0,1,0,0,0,0,0,1,0,0,0,0
AUT14,AUT14_EXP08,1,4,0.19023,,25.0,21.60123,140.0,1.01,1,1,1,1,0,1,0,0,0,1,0,0,0,0,0,1,0,0,0,0
AUT14,AUT14_EXP08,1,4,0.20094,,25.0,29.50327,140.0,1.01,1,1,1,1,0,1,0,0,0,1,0,0,0,0,0,1,0,0,0,0
AUT14,AUT14_EXP08,1,4,0.23725,,25.0,37.95026,140.0,1.01,1,1,1,1,0,1,0,0,0,1,0,0,0,0,0,1,0,0,0,0
AUT14,AUT14_EXP09,1,0,0.02226,,25.0,0.21126,140.0,2.56,1,1,1,1,0,1,0,0,0,1,0,0,0,0,0,1,0,0,0,0
AUT14,AUT14_EXP09,1,0,0.03298,,25.0,0.65891,140.0,2.56,1,1,1,1,0,1,0,0,0,1,0,0,0,0,0,1,0,0,0,0
AUT14,AUT14_EXP09,1,0,0.07234,,25.0,1.74884,140.0,2.56,1,1,1,1,0,1,0,0,0,1,0,0,0,0,0,1,0,0,0,0
AUT14,AUT14_EXP09,1,0,0.09596,,25.0,3.40321,140.0,2.56,1,1,1,1,0,1,0,0,0,1,0,0,0,0,0,1,0,0,0,0
AUT14,AUT14_EXP09,1,0,0.14758,,25.0,6.53677,140.0,2.56,1,1,1,1,0,1,0,0,0,1,0,0,0,0,0,1,0,0,0,0
AUT14,AUT14_EXP09,1,0,0.18563,,25.0,14.01061,140.0,2.56,1,1,1,1,0,1,0,0,0,1,0,0,0,0,0,1,0,0,0,0
AUT14,AUT14_EXP09,1,0,0.25409,,25.0,21.30929,140.0,2.56,1,1,1,1,0,1,0,0,0,1,0,0,0,0,0,1,0,0,0,0
AUT14,AUT14_EXP09,1,0,0.30242,,25.0,29.03615,140.0,2.56,1,1,1,1,0,1,0,0,0,1,0,0,0,0,0,1,0,0,0,0
AUT14,AUT14_EXP09,1,0,0.32954,,25.0,37.50261,140.0,2.56,1,1,1,1,0,1,0,0,0,1,0,0,0,0,0,1,0,0,0,0
AUT14,AUT14_EXP10,1,0,0.02518,,25.0,0.90002,140.0,0.17,1,1,1,0,1,1,0,0,0,1,0,0,0,0,0,1,0,0,0,0
AUT14,AUT14_EXP10,1,0,0.03257,,25.0,2.15754,140.0,0.17,1,1,1,0,1,1,0,0,0,1,0,0,0,0,0,1,0,0,0,0
AUT14,AUT14_EXP10,1,0,0.04756,,25.0,3.57225,140.0,0.17,1,1,1,0,1,1,0,0,0,1,0,0,0,0,0,1,0,0,0,0
AUT14,AUT14_EXP10,1,0,0.07687,,25.0,7.81637,140.0,0.17,1,1,1,0,1,1,0,0,0,1,0,0,0,0,0,1,0,0,0,0
AUT14,AUT14_EXP10,1,0,0.10081,,25.0,14.88992,140.0,0.17,1,1,1,0,1,1,0,0,0,1,0,0,0,0,0,1,0,0,0,0
AUT14,AUT14_EXP10,1,0,0.14623,,25.0,22.84766,140.0,0.17,1,1,1,0,1,1,0,0,0,1,0,0,0,0,0,1,0,0,0,0
AUT14,AUT14_EXP10,1,0,0.15093,,25.0,30.17665,140.0,0.17,1,1,1,0,1,1,0,0,0,1,0,0,0,0,0,1,0,0,0,0
AUT14,AUT14_EXP10,1,0,0.17174,,25.0,38.03614,140.0,0.17,1,1,1,0,1,1,0,0,0,1,0,0,0,0,0,1,0,0,0,0
AUT14,AUT14_EXP11,1,0,0.02585,,25.0,0.44809,140.0,1.01,1,1,1,1,0,1,0,0,0,1,0,0,0,0,0,1,0,0,0,0
AUT14,AUT14_EXP11,1,0,0.0348,,25.0,0.90002,140.0,1.01,1,1,1,1,0,1,0,0,0,1,0,0,0,0,0,1,0,0,0,0
AUT14,AUT14_EXP11,1,0,0.0395,,25.0,2.31473,140.0,1.01,1,1,1,1,0,1,0,0,0,1,0,0,0,0,0,1,0,0,0,0
AUT14,AUT14_EXP11,1,0,0.05718,,25.0,3.88663,140.0,1.01,1,1,1,1,0,1,0,0,0,1,0,0,0,0,0,1,0,0,0,0
AUT14,AUT14_EXP11,1,0,0.09633,,25.0,6.36237,140.0,1.01,1,1,1,1,0,1,0,0,0,1,0,0,0,0,0,1,0,0,0,0
AUT14,AUT14_EXP11,1,0,0.15675,,25.0,13.06259,140.0,1.01,1,1,1,1,0,1,0,0,0,1,0,0,0,0,0,1,0,0,0,0
AUT14,AUT14_EXP11,1,0,0.1912,,25.0,20.88279,140.0,1.01,1,1,1,1,0,1,0,0,0,1,0,0,0,0,0,1,0,0,0,0
AUT14,AUT14_EXP11,1,0,0.22745,,25.0,31.04119,140.0,1.01,1,1,1,1,0,1,0,0,0,1,0,0,0,0,0,1,0,0,0,0
AUT14,AUT14_EXP11,1,0,0.24759,,25.0,37.83966,140.0,1.01,1,1,1,1,0,1,0,0,0,1,0,0,0,0,0,1,0,0,0,0
AUT14,AUT14_EXP12,1,1,0.02384,,25.0,0.19266,140.0,2.56,1,1,1,1,0,1,0,0,0,1,0,0,0,0,0,1,0,0,0,0
AUT14,AUT14_EXP12,1,1,0.05785,,25.0,0.58564,140.0,2.56,1,1,1,1,0,1,0,0,0,1,0,0,0,0,0,1,0,0,0,0
AUT14,AUT14_EXP12,1,1,0.07239,,25.0,1.70561,140.0,2.56,1,1,1,1,0,1,0,0,0,1,0,0,0,0,0,1,0,0,0,0
AUT14,AUT14_EXP12,1,1,0.07687,,25.0,3.57225,140.0,2.56,1,1,1,1,0,1,0,0,0,1,0,0,0,0,0,1,0,0,0,0
AUT14,AUT14_EXP12,1,1,0.14802,,25.0,6.46061,140.0,2.56,1,1,1,1,0,1,0,0,0,1,0,0,0,0,0,1,0,0,0,0
AUT14,AUT14_EXP12,1,1,0.20888,,25.0,13.90749,140.0,2.56,1,1,1,1,0,1,0,0,0,1,0,0,0,0,0,1,0,0,0,0
AUT14,AUT14_EXP12,1,1,0.25945,,25.0,21.23647,140.0,2.56,1,1,1,1,0,1,0,0,0,1,0,0,0,0,0,1,0,0,0,0
AUT14,AUT14_EXP12,1,1,0.31001,,25.0,28.95842,140.0,2.56,1,1,1,1,0,1,0,0,0,1,0,0,0,0,0,1,0,0,0,0
AUT14,AUT14_EXP12,1,1,0.34246,,25.0,37.38774,140.0,2.56,1,1,1,1,0,1,0,0,0,1,0,0,0,0,0,1,0,0,0,0
AUT15,AUT15_EXP01,4,0,0.21491,,25.0,0.62491,180.0,0.263,1,1,1,1,0,1,0,0,0,1,0,0,1,0,0,0,0,0,0,0
AUT15,AUT15_EXP01,4,0,0.51899,,25.0,0.7043,180.0,0.263,1,1,1,1,0,1,0,0,0,1,0,0,1,0,0,0,0,0,0,0
AUT15,AUT15_EXP01,4,0,0.94108,,25.0,1.22034,180.0,0.263,1,1,1,1,0,1,0,0,0,1,0,0,1,0,0,0,0,0,0,0
AUT15,AUT15_EXP01,4,0,1.10446,,25.0,2.78169,180.0,0.263,1,1,1,1,0,1,0,0,0,1,0,0,1,0,0,0,0,0,0,0
AUT15,AUT15_EXP01,4,0,1.9577,,25.0,6.18225,180.0,0.263,1,1,1,1,0,1,0,0,0,1,0,0,1,0,0,0,0,0,0,0
AUT15,AUT15_EXP01,4,0,2.41156,,25.0,10.15178,180.0,0.263,1,1,1,1,0,1,0,0,0,1,0,0,1,0,0,0,0,0,0,0
AUT15,AUT15_EXP01,4,0,2.57948,,25.0,14.80936,180.0,0.263,1,1,1,1,0,1,0,0,0,1,0,0,1,0,0,0,0,0,0,0
AUT15,AUT15_EXP01,4,0,2.9471,,25.0,24.07159,180.0,0.263,1,1,1,1,0,1,0,0,0,1,0,0,1,0,0,0,0,0,0,0
AUT15,AUT15_EXP01,4,0,3.21487,,25.0,33.55876,180.0,0.263,1,1,1,1,0,1,0,0,0,1,0,0,1,0,0,0,0,0,0,0
AUT15,AUT15_EXP01,4,0,3.25118,,25.0,43.66783,180.0,0.263,1,1,1,1,0,1,0,0,0,1,0,0,1,0,0,0,0,0,0,0
AUT15,AUT15_EXP02,4,1,0.1786,,35.0,0.51906,180.0,0.263,1,1,1,1,0,1,0,0,0,1,0,0,1,0,0,0,0,0,0,0
AUT15,AUT15_EXP02,4,1,0.63246,,35.0,0.81016,180.0,0.263,1,1,1,1,0,1,0,0,0,1,0,0,1,0,0,0,0,0,0,0
AUT15,AUT15_EXP02,4,1,0.96377,,35.0,0.81016,180.0,0.263,1,1,1,1,0,1,0,0,0,1,0,0,1,0,0,0,0,0,0,0
AUT15,AUT15_EXP02,4,1,1.59916,,35.0,1.70992,180.0,0.263,1,1,1,1,0,1,0,0,0,1,0,0,1,0,0,0,0,0,0,0
AUT15,AUT15_EXP02,4,1,2.58856,,35.0,4.85907,180.0,0.263,1,1,1,1,0,1,0,0,0,1,0,0,1,0,0,0,0,0,0,0
AUT15,AUT15_EXP02,4,1,3.82304,,35.0,7.29372,180.0,0.263,1,1,1,1,0,1,0,0,0,1,0,0,1,0,0,0,0,0,0,0
AUT15,AUT15_EXP02,4,1,4.57189,,35.0,10.74721,180.0,0.263,1,1,1,1,0,1,0,0,0,1,0,0,1,0,0,0,0,0,0,0
AUT15,AUT15_EXP02,4,1,5.09382,,35.0,19.85066,180.0,0.263,1,1,1,1,0,1,0,0,0,1,0,0,1,0,0,0,0,0,0,0
AUT15,AUT15_EXP02,4,1,5.66568,,35.0,28.7821,180.0,0.263,1,1,1,1,0,1,0,0,0,1,0,0,1,0,0,0,0,0,0,0
AUT15,AUT15_EXP03,4,4,0.27845,,45.0,0.29412,180.0,0.263,1,1,1,1,0,1,0,0,0,1,0,0,1,0,0,0,0,0,0,0
AUT15,AUT15_EXP03,4,4,0.6733,,45.0,0.37351,180.0,0.263,1,1,1,1,0,1,0,0,0,1,0,0,1,0,0,0,0,0,0,0
AUT15,AUT15_EXP03,4,4,1.05454,,45.0,0.88955,180.0,0.263,1,1,1,1,0,1,0,0,0,1,0,0,1,0,0,0,0,0,0,0
AUT15,AUT15_EXP03,4,4,1.88055,,45.0,1.33943,180.0,0.263,1,1,1,1,0,1,0,0,0,1,0,0,1,0,0,0,0,0,0,0
AUT15,AUT15_EXP04,4,2,4.49474,,45.0,0.92924,180.0,0.263,1,1,1,1,0,1,0,0,0,1,0,0,1,0,0,0,0,0,0,0
AUT15,AUT15_EXP04,4,2,6.23753,,45.0,2.45089,180.0,0.263,1,1,1,1,0,1,0,0,0,1,0,0,1,0,0,0,0,0,0,0
AUT15,AUT15_EXP04,4,2,7.6717,,45.0,4.51505,180.0,0.263,1,1,1,1,0,1,0,0,0,1,0,0,1,0,0,0,0,0,0,0
AUT15,AUT15_EXP04,4,2,9.16941,,45.0,11.63374,180.0,0.263,1,1,1,1,0,1,0,0,0,1,0,0,1,0,0,0,0,0,0,0
AUT15,AUT15_EXP04,4,2,9.95912,,45.0,19.99621,180.0,0.263,1,1,1,1,0,1,0,0,0,1,0,0,1,0,0,0,0,0,0,0
AUT15,AUT15_EXP04,4,2,10.5582,,45.0,28.92765,180.0,0.263,1,1,1,1,0,1,0,0,0,1,0,0,1,0,0,0,0,0,0,0
AUT15,AUT15_EXP05,4,3,0.6141,,,0.80752,,1.263,1,1,1,1,0,1,1,1,0,1,0,0,1,0,0,0,0,0,0,0
AUT15,AUT15_EXP05,4,3,0.98091,,,1.11274,,2.263,1,1,1,1,0,1,1,1,0,1,0,0,1,0,0,0,0,0,0,0
AUT15,AUT15_EXP05,4,3,1.46049,,,2.11562,,3.263,1,1,1,1,0,1,1,1,0,1,0,0,1,0,0,0,0,0,0,0
AUT15,AUT15_EXP05,4,3,2.25264,,,5.50577,,4.263,1,1,1,1,0,1,1,1,0,1,0,0,1,0,0,0,0,0,0,0
AUT15,AUT15_EXP05,4,3,2.96344,,,9.01583,,5.263,1,1,1,1,0,1,1,1,0,1,0,0,1,0,0,0,0,0,0,0
AUT15,AUT15_EXP05,4,3,3.296,,,13.35435,,6.263,1,1,1,1,0,1,1,1,0,1,0,0,1,0,0,0,0,0,0,0
AUT15,AUT15_EXP05,4,3,3.47156,,,23.00156,,7.263,1,1,1,1,0,1,1,1,0,1,0,0,1,0,0,0,0,0,0,0
AUT15,AUT15_EXP05,4,3,3.75845,,,32.52886,,8.263,1,1,1,1,0,1,1,1,0,1,0,0,1,0,0,0,0,0,0,0
AUT15,AUT15_EXP05,4,3,3.77843,,,42.38319,,9.263,1,1,1,1,0,1,1,1,0,1,0,0,1,0,0,0,0,0,0,0
AUT16,AUT16_EXP01,3,3,0.09397,,25.0,0.9323,150.0,,0,1,1,1,0,1,0,0,1,0,1,0,0,0,0,0,0,0,1,0
AUT16,AUT16_EXP01,3,3,0.01675,,25.0,1.97474,150.0,,0,1,1,1,0,1,0,0,1,0,1,0,0,0,0,0,0,0,1,0
AUT16,AUT16_EXP01,3,3,0.08898,,25.0,3.01718,150.0,,0,1,1,1,0,1,0,0,1,0,1,0,0,0,0,0,0,0,1,0
AUT16,AUT16_EXP01,3,3,0.10132,,25.0,4.06919,150.0,,0,1,1,1,0,1,0,0,1,0,1,0,0,0,0,0,0,0,1,0
AUT16,AUT16_EXP01,3,3,0.10054,,25.0,5.91498,150.0,,0,1,1,1,0,1,0,0,1,0,1,0,0,0,0,0,0,0,1,0
AUT16,AUT16_EXP01,3,3,0.2316,,25.0,10.1995,150.0,,0,1,1,1,0,1,0,0,1,0,1,0,0,0,0,0,0,0,1,0
AUT16,AUT16_EXP01,3,3,0.22713,,25.0,11.88271,150.0,,0,1,1,1,0,1,0,0,1,0,1,0,0,0,0,0,0,0,1,0
AUT16,AUT16_EXP01,3,3,0.33009,,25.0,16.03334,150.0,,0,1,1,1,0,1,0,0,1,0,1,0,0,0,0,0,0,0,1,0
AUT16,AUT16_EXP01,3,3,0.39129,,25.0,19.70579,150.0,,0,1,1,1,0,1,0,0,1,0,1,0,0,0,0,0,0,0,1,0
AUT16,AUT16_EXP02,3,2,0.0131,,25.0,1.00725,150.0,,0,1,1,1,0,1,0,0,1,0,1,0,0,0,0,0,0,0,0,1
AUT16,AUT16_EXP02,3,2,0.01152,,25.0,1.94304,150.0,,0,1,1,1,0,1,0,0,1,0,1,0,0,0,0,0,0,0,0,1
AUT16,AUT16_EXP02,3,2,0.05125,,25.0,3.01251,150.0,,0,1,1,1,0,1,0,0,1,0,1,0,0,0,0,0,0,0,0,1
AUT16,AUT16_EXP02,3,2,0.09256,,25.0,4.11063,150.0,,0,1,1,1,0,1,0,0,1,0,1,0,0,0,0,0,0,0,0,1
AUT16,AUT16_EXP02,3,2,0.16044,,25.0,5.90582,150.0,,0,1,1,1,0,1,0,0,1,0,1,0,0,0,0,0,0,0,0,1
AUT16,AUT16_EXP02,3,2,0.20227,,25.0,10.15507,150.0,,0,1,1,1,0,1,0,0,1,0,1,0,0,0,0,0,0,0,0,1
AUT16,AUT16_EXP02,3,2,0.21858,,25.0,11.89296,150.0,,0,1,1,1,0,1,0,0,1,0,1,0,0,0,0,0,0,0,0,1
AUT16,AUT16_EXP02,3,2,0.26199,,25.0,16.06582,150.0,,0,1,1,1,0,1,0,0,1,0,1,0,0,0,0,0,0,0,0,1
AUT16,AUT16_EXP02,3,2,0.37986,,25.0,19.67529,150.0,,0,1,1,1,0,1,0,0,1,0,1,0,0,0,0,0,0,0,0,1
AUT17,AUT17_EXP01,3,3,0.000202189,,,0.00017489,200.0,,1,1,1,1,0,1,1,0,1,0,0,1,0,1,0,0,0,0,0,0
AUT17,AUT17_EXP01,3,3,0.000721037,,,0.00055313,200.0,,1,1,1,1,0,1,1,0,1,0,0,1,0,1,0,0,0,0,0,0
AUT17,AUT17_EXP01,3,3,0.001648341,,,0.00140175,200.0,,1,1,1,1,0,1,1,0,1,0,0,1,0,1,0,0,0,0,0,0
AUT17,AUT17_EXP01,3,3,0.00330148,,,0.00269893,200.0,,1,1,1,1,0,1,1,0,1,0,0,1,0,1,0,0,0,0,0,0
AUT17,AUT17_EXP01,3,3,0.006306938,,,0.00922361,200.0,,1,1,1,1,0,1,1,0,1,0,0,1,0,1,0,0,0,0,0,0
AUT17,AUT17_EXP02,3,1,0.000202189,,,0.00022095,200.0,,1,1,1,1,0,1,1,0,1,0,0,1,0,0,1,0,0,0,0,0
AUT17,AUT17_EXP02,3,1,0.00051129,,,0.00109625,200.0,,1,1,1,1,0,1,1,0,1,0,0,1,0,0,1,0,0,0,0,0
AUT17,AUT17_EXP02,3,1,0.001159851,,,0.00297049,200.0,,1,1,1,1,0,1,1,0,1,0,0,1,0,0,1,0,0,0,0,0
AUT17,AUT17_EXP02,3,1,0.002227906,,,0.00612736,200.0,,1,1,1,1,0,1,1,0,1,0,0,1,0,0,1,0,0,0,0,0
AUT17,AUT17_EXP02,3,1,0.003177288,,,0.01098874,200.0,,1,1,1,1,0,1,1,0,1,0,0,1,0,0,1,0,0,0,0,0
AUT17,AUT17_EXP03,3,4,0.00018839,,,0.00020156,200.0,,1,1,1,1,0,1,1,0,1,0,0,1,0,0,0,1,0,0,0,0
AUT17,AUT17_EXP03,3,4,0.000558207,,,0.00072285,200.0,,1,1,1,1,0,1,1,0,1,0,0,1,0,0,0,1,0,0,0,0
AUT17,AUT17_EXP03,3,4,0.001261964,,,0.00221158,200.0,,1,1,1,1,0,1,1,0,1,0,0,1,0,0,0,1,0,0,0,0
AUT17,AUT17_EXP03,3,4,0.002459732,,,0.00443739,200.0,,1,1,1,1,0,1,1,0,1,0,0,1,0,0,0,1,0,0,0,0
AUT17,AUT17_EXP03,3,4,0.004104592,,,0.01076567,200.0,,1,1,1,1,0,1,1,0,1,0,0,1,0,0,0,1,0,0,0,0
AUT17,AUT17_EXP04,3,2,0.000202189,,,0.000107,200.0,,1,1,1,1,0,1,1,0,1,0,0,1,0,0,0,0,0,0,0,1
AUT17,AUT17_EXP04,3,2,0.000652041,,,0.00051918,200.0,,1,1,1,1,0,1,1,0,1,0,0,1,0,0,0,0,0,0,0,1
AUT17,AUT17_EXP04,3,2,0.001571066,,,0.00148419,200.0,,1,1,1,1,0,1,1,0,1,0,0,1,0,0,0,0,0,0,0,1
AUT17,AUT17_EXP04,3,2,0.003039296,,,0.00309899,200.0,,1,1,1,1,0,1,1,0,1,0,0,1,0,0,0,0,0,0,0,1
AUT17,AUT17_EXP04,3,2,0.005534185,,,0.00705841,200.0,,1,1,1,1,0,1,1,0,1,0,0,1,0,0,0,0,0,0,0,1
AUT17,AUT17_EXP05,3,0,0.000163551,,,0.00020156,200.0,,1,1,1,1,0,1,1,0,1,0,0,1,0,0,0,0,1,0,0,0
AUT17,AUT17_EXP05,3,0,0.000798313,,,0.0005604,200.0,,1,1,1,1,0,1,1,0,1,0,0,1,0,0,0,0,1,0,0,0
AUT17,AUT17_EXP05,3,0,0.001871887,,,0.00135568,200.0,,1,1,1,1,0,1,1,0,1,0,0,1,0,0,0,0,1,0,0,0
AUT17,AUT17_EXP05,3,0,0.003696136,,,0.00251708,200.0,,1,1,1,1,0,1,1,0,1,0,0,1,0,0,0,0,1,0,0,0
AUT17,AUT17_EXP05,3,0,0.006731952,,,0.00677231,200.0,,1,1,1,1,0,1,1,0,1,0,0,1,0,0,0,0,1,0,0,0
AUT17,AUT17_EXP06,3,1,0.000171831,,,0.00020883,200.0,,1,1,1,1,0,1,1,0,1,0,0,1,0,0,1,0,0,0,0,0
AUT17,AUT17_EXP06,3,1,0.000712758,,,0.00048524,200.0,,1,1,1,1,0,1,1,0,1,0,0,1,0,0,1,0,0,0,0,0
AUT17,AUT17_EXP06,3,1,0.001739415,,,0.00089258,200.0,,1,1,1,1,0,1,1,0,1,0,0,1,0,0,1,0,0,0,0,0
AUT17,AUT17_EXP06,3,1,0.003726495,,,0.00122718,200.0,,1,1,1,1,0,1,1,0,1,0,0,1,0,0,1,0,0,0,0,0
AUT17,AUT17_EXP06,3,1,0.007891082,,,0.00309414,200.0,,1,1,1,1,0,1,1,0,1,0,0,1,0,0,1,0,0,0,0,0
AUT18,AUT18_EXP01,4,4,0.21998,7.0,25.0,0.905,,,1,1,1,0,1,0,0,1,1,0,0,1,0,0,0,0,0,0,1,0
AUT18,AUT18_EXP01,4,4,0.59568,7.0,25.0,1.68283,,,1,1,1,0,1,0,0,1,1,0,0,1,0,0,0,0,0,0,1,0
AUT18,AUT18_EXP01,4,4,0.655,7.0,25.0,3.4483,,,1,1,1,0,1,0,0,1,1,0,0,1,0,0,0,0,0,0,1,0
AUT18,AUT18_EXP01,4,4,0.91205,7.0,25.0,5.95769,,,1,1,1,0,1,0,0,1,1,0,0,1,0,0,0,0,0,0,1,0
AUT18,AUT18_EXP01,4,4,1.03069,7.0,25.0,8.29752,,,1,1,1,0,1,0,0,1,1,0,0,1,0,0,0,0,0,0,1,0
AUT18,AUT18_EXP02,4,0,0.21998,7.0,25.0,0.75029,,,1,1,1,0,1,0,0,1,1,0,0,1,0,0,1,0,0,0,0,0
AUT18,AUT18_EXP02,4,0,0.37817,7.0,25.0,1.79092,,,1,1,1,0,1,0,0,1,1,0,0,1,0,0,1,0,0,0,0,0
AUT18,AUT18_EXP02,4,0,0.53636,7.0,25.0,3.93153,,,1,1,1,0,1,0,0,1,1,0,0,1,0,0,1,0,0,0,0,0
AUT18,AUT18_EXP02,4,0,0.69454,7.0,25.0,6.78002,,,1,1,1,0,1,0,0,1,1,0,0,1,0,0,1,0,0,0,0,0
AUT18,AUT18_EXP02,4,0,0.69454,7.0,25.0,7.49214,,,1,1,1,0,1,0,0,1,1,0,0,1,0,0,1,0,0,0,0,0
AUT18,AUT18_EXP03,4,2,1.28774,7.0,25.0,0.73969,,,1,1,1,0,1,0,0,1,1,0,0,1,0,0,0,0,1,0,0,0
AUT18,AUT18_EXP03,4,2,2.63234,7.0,25.0,1.64892,,,1,1,1,0,1,0,0,1,1,0,0,1,0,0,0,0,1,0,0,0
AUT18,AUT18_EXP03,4,2,4.03625,7.0,25.0,2.36104,,,1,1,1,0,1,0,0,1,1,0,0,1,0,0,0,0,1,0,0,0
AUT18,AUT18_EXP03,4,2,4.72832,7.0,25.0,3.35081,,,1,1,1,0,1,0,0,1,1,0,0,1,0,0,0,0,1,0,0,0
AUT18,AUT18_EXP03,4,2,5.57857,7.0,25.0,5.02515,,,1,1,1,0,1,0,0,1,1,0,0,1,0,0,0,0,1,0,0,0
AUT18,AUT18_EXP03,4,2,6.4486,7.0,25.0,6.89447,,,1,1,1,0,1,0,0,1,1,0,0,1,0,0,0,0,1,0,0,0
AUT18,AUT18_EXP03,4,2,7.0418,7.0,25.0,8.91851,,,1,1,1,0,1,0,0,1,1,0,0,1,0,0,0,0,1,0,0,0
AUT18,AUT18_EXP04,4,3,2.09845,7.0,25.0,0.1399,,,1,1,1,1,0,0,0,1,1,0,0,1,0,0,0,0,0,0,1,0
AUT18,AUT18_EXP04,4,3,5.10401,7.0,25.0,0.16957,,,1,1,1,1,0,0,0,1,1,0,0,1,0,0,0,0,0,0,1,0
AUT18,AUT18_EXP04,4,3,6.54747,7.0,25.0,0.36032,,,1,1,1,1,0,0,0,1,1,0,0,1,0,0,0,0,0,0,1,0
AUT18,AUT18_EXP04,4,3,11.17445,7.0,25.0,1.16569,,,1,1,1,1,0,0,0,1,1,0,0,1,0,0,0,0,0,0,1,0
AUT18,AUT18_EXP04,4,3,13.96249,7.0,25.0,2.74678,,,1,1,1,1,0,0,0,1,1,0,0,1,0,0,0,0,0,0,1,0
AUT18,AUT18_EXP04,4,3,13.80431,7.0,25.0,4.1901,,,1,1,1,1,0,0,0,1,1,0,0,1,0,0,0,0,0,0,1,0
AUT18,AUT18_EXP04,4,3,14.7732,7.0,25.0,5.80085,,,1,1,1,1,0,0,0,1,1,0,0,1,0,0,0,0,0,0,1,0
AUT18,AUT18_EXP04,4,3,15.84097,7.0,25.0,7.56844,,,1,1,1,1,0,0,0,1,1,0,0,1,0,0,0,0,0,0,1,0
AUT18,AUT18_EXP05,4,1,0.2793,7.0,25.0,0.13566,,,1,1,1,1,0,0,0,1,1,0,0,1,0,0,1,0,0,0,0,0
AUT18,AUT18_EXP05,4,1,2.84984,7.0,25.0,0.42178,,,1,1,1,1,0,0,0,1,1,0,0,1,0,0,1,0,0,0,0,0
AUT18,AUT18_EXP05,4,1,4.03625,7.0,25.0,1.08516,,,1,1,1,1,0,0,0,1,1,0,0,1,0,0,1,0,0,0,0,0
AUT18,AUT18_EXP05,4,1,5.57857,7.0,25.0,1.41154,,,1,1,1,1,0,0,0,1,1,0,0,1,0,0,1,0,0,0,0,0
AUT18,AUT18_EXP05,4,1,6.98248,7.0,25.0,2.10883,,,1,1,1,1,0,0,0,1,1,0,0,1,0,0,1,0,0,0,0,0
AUT18,AUT18_EXP05,4,1,8.95982,7.0,25.0,3.34021,,,1,1,1,1,0,0,0,1,1,0,0,1,0,0,1,0,0,0,0,0
AUT18,AUT18_EXP05,4,1,10.26487,7.0,25.0,4.21341,,,1,1,1,1,0,0,0,1,1,0,0,1,0,0,1,0,0,0,0,0
AUT18,AUT18_EXP05,4,1,11.70833,7.0,25.0,5.36425,,,1,1,1,1,0,0,0,1,1,0,0,1,0,0,1,0,0,0,0,0
AUT18,AUT18_EXP05,4,1,12.93428,7.0,25.0,6.11876,,,1,1,1,1,0,0,0,1,1,0,0,1,0,0,1,0,0,0,0,0
AUT18,AUT18_EXP05,4,1,14.27887,7.0,25.0,7.09581,,,1,1,1,1,0,0,0,1,1,0,0,1,0,0,1,0,0,0,0,0
AUT18,AUT18_EXP06,4,0,0.47704,7.0,25.0,0.0424,,,1,1,1,1,0,0,0,1,1,0,0,1,0,0,0,0,1,0,0,0
AUT18,AUT18_EXP06,4,0,2.19732,7.0,25.0,0.07843,,,1,1,1,1,0,0,0,1,1,0,0,1,0,0,0,0,1,0,0,0
AUT18,AUT18_EXP06,4,0,4.8865,7.0,25.0,0.31369,,,1,1,1,1,0,0,0,1,1,0,0,1,0,0,0,0,1,0,0,0
AUT18,AUT18_EXP06,4,0,6.4486,7.0,25.0,0.58285,,,1,1,1,1,0,0,0,1,1,0,0,1,0,0,0,0,1,0,0,0
AUT18,AUT18_EXP06,4,0,7.73387,7.0,25.0,0.94103,,,1,1,1,1,0,0,0,1,1,0,0,1,0,0,0,0,1,0,0,0
AUT18,AUT18_EXP06,4,0,11.27331,7.0,25.0,1.41154,,,1,1,1,1,0,0,0,1,1,0,0,1,0,0,0,0,1,0,0,0
AUT18,AUT18_EXP06,4,0,13.64612,7.0,25.0,1.84391,,,1,1,1,1,0,0,0,1,1,0,0,1,0,0,0,0,1,0,0,0
AUT18,AUT18_EXP06,4,0,16.21666,7.0,25.0,2.74042,,,1,1,1,1,0,0,0,1,1,0,0,1,0,0,0,0,1,0,0,0
AUT18,AUT18_EXP06,4,0,17.50193,7.0,25.0,3.49493,,,1,1,1,1,0,0,0,1,1,0,0,1,0,0,0,0,1,0,0,0
AUT18,AUT18_EXP06,4,0,17.77876,7.0,25.0,4.98488,,,1,1,1,1,0,0,0,1,1,0,0,1,0,0,0,0,1,0,0,0
AUT19,AUT19_EXP01,3,2,0.02456814,,,0.09918,120.0,0.522,1,1,1,0,1,1,1,0,0,1,0,0,0,0,1,0,0,0,0,0
AUT19,AUT19_EXP01,3,2,0.10027139,,,0.50175,120.0,0.522,1,1,1,0,1,1,1,0,0,1,0,0,0,0,1,0,0,0,0,0
AUT19,AUT19_EXP01,3,2,0.20346213,,,0.99887,120.0,0.522,1,1,1,0,1,1,1,0,0,1,0,0,0,0,1,0,0,0,0,0
AUT19,AUT19_EXP01,3,2,0.25167789,,,1.49815,120.0,0.522,1,1,1,0,1,1,1,0,0,1,0,0,0,0,1,0,0,0,0,0
AUT19,AUT19_EXP01,3,2,0.31972069,,,1.99957,120.0,0.522,1,1,1,0,1,1,1,0,0,1,0,0,0,0,1,0,0,0,0,0
AUT19,AUT19_EXP02,3,3,0.01961138,,,0.09918,120.0,2.256,1,1,1,1,0,1,1,0,0,1,0,0,0,0,1,0,0,0,0,0
AUT19,AUT19_EXP02,3,3,0.19850537,,,0.50175,120.0,2.256,1,1,1,1,0,1,1,0,0,1,0,0,0,0,1,0,0,0,0,0
AUT19,AUT19_EXP02,3,3,0.30079488,,,0.99887,120.0,2.256,1,1,1,1,0,1,1,0,0,1,0,0,0,0,1,0,0,0,0,0
AUT19,AUT19_EXP02,3,3,0.36117723,,,1.5003,120.0,2.256,1,1,1,1,0,1,1,0,0,1,0,0,0,0,1,0,0,0,0,0
AUT19,AUT19_EXP02,3,3,0.45580629,,,1.99527,120.0,2.256,1,1,1,1,0,1,1,0,0,1,0,0,0,0,1,0,0,0,0,0
AUT19,AUT19_EXP03,3,1,0.02727183,,,0.09488,120.0,0.53,1,1,1,0,1,1,1,0,0,1,0,0,0,0,0,0,1,0,0,0
AUT19,AUT19_EXP03,3,1,0.30079488,,,0.4996,120.0,0.53,1,1,1,0,1,1,1,0,0,1,0,0,0,0,0,0,1,0,0,0
AUT19,AUT19_EXP03,3,1,0.46076305,,,0.99744,120.0,0.53,1,1,1,0,1,1,1,0,0,1,0,0,0,0,0,0,1,0,0,0
AUT19,AUT19_EXP03,3,1,0.6171263,,,1.49815,120.0,0.53,1,1,1,0,1,1,1,0,0,1,0,0,0,0,0,0,1,0,0,0
AUT19,AUT19_EXP03,3,1,0.7685328,,,2.00172,120.0,0.53,1,1,1,0,1,1,1,0,0,1,0,0,0,0,0,0,1,0,0,0
AUT19,AUT19_EXP04,3,0,0.05250625,,,0.09703,120.0,4.44,1,1,1,1,0,1,1,0,0,1,0,0,0,0,0,0,1,0,0,0
AUT19,AUT19_EXP04,3,0,0.38010304,,,0.4996,120.0,4.44,1,1,1,1,0,1,1,0,0,1,0,0,0,0,0,0,1,0,0,0
AUT19,AUT19_EXP04,3,0,0.60225602,,,0.99887,120.0,4.44,1,1,1,1,0,1,1,0,0,1,0,0,0,0,0,0,1,0,0,0
AUT19,AUT19_EXP04,3,0,0.80007582,,,1.496,120.0,4.44,1,1,1,1,0,1,1,0,0,1,0,0,0,0,0,0,1,0,0,0
AUT19,AUT19_EXP04,3,0,0.96409953,,,1.99742,120.0,4.44,1,1,1,1,0,1,1,0,0,1,0,0,0,0,0,0,1,0,0,0
AUT19,AUT19_EXP05,3,3,0.00824985,,,0.09758,120.0,0.522,1,1,1,0,1,1,1,0,0,0,1,0,0,0,1,0,0,0,0,0
AUT19,AUT19_EXP05,3,3,0.03068942,,,0.49443,120.0,0.522,1,1,1,0,1,1,1,0,0,0,1,0,0,0,1,0,0,0,0,0
AUT19,AUT19_EXP05,3,3,0.05029323,,,0.9937,120.0,0.522,1,1,1,0,1,1,1,0,0,0,1,0,0,0,1,0,0,0,0,0
AUT19,AUT19_EXP05,3,3,0.0596636,,,1.49297,120.0,0.522,1,1,1,0,1,1,1,0,0,0,1,0,0,0,1,0,0,0,0,0
AUT19,AUT19_EXP05,3,3,0.08099352,,,1.99655,120.0,0.522,1,1,1,0,1,1,1,0,0,0,1,0,0,0,1,0,0,0,0,0
AUT19,AUT19_EXP06,3,1,0.00652373,,,0.09544,120.0,2.256,1,1,1,1,0,1,1,0,0,0,1,0,0,0,1,0,0,0,0,0
AUT19,AUT19_EXP06,3,1,0.05103299,,,0.49443,120.0,2.256,1,1,1,1,0,1,1,0,0,0,1,0,0,0,1,0,0,0,0,0
AUT19,AUT19_EXP06,3,1,0.07519868,,,0.99585,120.0,2.256,1,1,1,1,0,1,1,0,0,0,1,0,0,0,1,0,0,0,0,0
AUT19,AUT19_EXP06,3,1,0.08999401,,,1.49727,120.0,2.256,1,1,1,1,0,1,1,0,0,0,1,0,0,0,1,0,0,0,0,0
AUT19,AUT19_EXP06,3,1,0.11033757,,,1.9944,120.0,2.256,1,1,1,1,0,1,1,0,0,0,1,0,0,0,1,0,0,0,0,0
AUT19,AUT19_EXP07,3,0,0.00787997,,,0.09544,120.0,0.53,1,1,1,0,1,1,1,0,0,0,1,0,0,0,0,0,1,0,0,0
AUT19,AUT19_EXP07,3,0,0.06200619,,,0.49443,120.0,0.53,1,1,1,0,1,1,1,0,0,0,1,0,0,0,0,0,1,0,0,0
AUT19,AUT19_EXP07,3,0,0.09554225,,,0.9937,120.0,0.53,1,1,1,0,1,1,1,0,0,0,1,0,0,0,0,0,1,0,0,0
AUT19,AUT19_EXP07,3,0,0.12007783,,,1.49512,120.0,0.53,1,1,1,0,1,1,1,0,0,0,1,0,0,0,0,0,1,0,0,0
AUT19,AUT19_EXP07,3,0,0.1534906,,,1.99225,120.0,0.53,1,1,1,0,1,1,1,0,0,0,1,0,0,0,0,0,1,0,0,0
AUT19,AUT19_EXP08,3,4,0.00751009,,,0.10188,120.0,4.44,1,1,1,1,0,1,1,0,0,0,1,0,0,0,0,0,1,0,0,0
AUT19,AUT19_EXP08,3,4,0.13043455,,,0.49443,120.0,4.44,1,1,1,1,0,1,1,0,0,0,1,0,0,0,0,0,1,0,0,0
AUT19,AUT19_EXP08,3,4,0.17593017,,,0.99155,120.0,4.44,1,1,1,1,0,1,1,0,0,0,1,0,0,0,0,0,1,0,0,0
AUT19,AUT19_EXP08,3,4,0.21945307,,,1.49297,120.0,4.44,1,1,1,1,0,1,1,0,0,0,1,0,0,0,0,0,1,0,0,0
AUT19,AUT19_EXP08,3,4,0.26051009,,,1.99655,120.0,4.44,1,1,1,1,0,1,1,0,0,0,1,0,0,0,0,0,1,0,0,0
AUT20,AUT20_EXP01,4,3,2.00424,,25.0,2.01411,100.0,,1,1,1,1,0,1,0,0,1,0,1,0,0,0,0,0,0,1,0,0
AUT20,AUT20_EXP01,4,3,3.63403,,25.0,4.40755,100.0,,1,1,1,1,0,1,0,0,1,0,1,0,0,0,0,0,0,1,0,0
AUT20,AUT20_EXP01,4,3,4.14625,,25.0,5.86872,100.0,,1,1,1,1,0,1,0,0,1,0,1,0,0,0,0,0,0,1,0,0
AUT20,AUT20_EXP01,4,3,5.2069,,25.0,6.80996,100.0,,1,1,1,1,0,1,0,0,1,0,1,0,0,0,0,0,0,1,0,0
AUT20,AUT20_EXP01,4,3,6.25204,,25.0,9.74125,100.0,,1,1,1,1,0,1,0,0,1,0,1,0,0,0,0,0,0,1,0,0
AUT20,AUT20_EXP01,4,3,7.79387,,25.0,12.15263,100.0,,1,1,1,1,0,1,0,0,1,0,1,0,0,0,0,0,0,1,0,0
AUT20,AUT20_EXP02,4,1,2.78862,,25.0,1.21079,100.0,,1,1,1,1,0,1,0,0,1,0,1,0,0,0,0,0,0,1,0,0
AUT20,AUT20_EXP02,4,1,4.33693,,25.0,3.65899,100.0,,1,1,1,1,0,1,0,0,1,0,1,0,0,0,0,0,0,1,0,0
AUT20,AUT20_EXP02,4,1,5.26278,,25.0,4.73592,100.0,,1,1,1,1,0,1,0,0,1,0,1,0,0,0,0,0,0,1,0,0
AUT20,AUT20_EXP02,4,1,6.12586,,25.0,5.84874,100.0,,1,1,1,1,0,1,0,0,1,0,1,0,0,0,0,0,0,1,0,0
AUT20,AUT20_EXP02,4,1,7.56433,,25.0,8.44771,100.0,,1,1,1,1,0,1,0,0,1,0,1,0,0,0,0,0,0,1,0,0
AUT20,AUT20_EXP02,4,1,8.54771,,25.0,11.47027,100.0,,1,1,1,1,0,1,0,0,1,0,1,0,0,0,0,0,0,1,0,0
AUT20,AUT20_EXP03,4,0,1.24781,,25.0,0.54125,100.0,,1,1,1,1,0,1,0,0,1,0,1,0,0,0,0,0,0,1,0,0
AUT20,AUT20_EXP03,4,0,3.85788,,25.0,3.10482,100.0,,1,1,1,1,0,1,0,0,1,0,1,0,0,0,0,0,0,1,0,0
AUT20,AUT20_EXP03,4,0,5.06375,,25.0,3.66868,100.0,,1,1,1,1,0,1,0,0,1,0,1,0,0,0,0,0,0,1,0,0
AUT20,AUT20_EXP03,4,0,6.26169,,25.0,4.76361,100.0,,1,1,1,1,0,1,0,0,1,0,1,0,0,0,0,0,0,1,0,0
AUT20,AUT20_EXP03,4,0,8.11809,,25.0,7.43209,100.0,,1,1,1,1,0,1,0,0,1,0,1,0,0,0,0,0,0,1,0,0
AUT20,AUT20_EXP03,4,0,9.64923,,25.0,10.25137,100.0,,1,1,1,1,0,1,0,0,1,0,1,0,0,0,0,0,0,1,0,0
AUT20,AUT20_EXP04,4,2,1.13128,,25.0,2.8929,100.0,,1,1,1,0,1,1,0,0,1,0,1,0,0,0,0,0,0,1,0,0
AUT20,AUT20_EXP04,4,2,2.35702,,25.0,5.66604,100.0,,1,1,1,0,1,1,0,0,1,0,1,0,0,0,0,0,0,1,0,0
AUT20,AUT20_EXP04,4,2,2.76083,,25.0,7.24707,100.0,,1,1,1,0,1,1,0,0,1,0,1,0,0,0,0,0,0,1,0,0
AUT20,AUT20_EXP04,4,2,3.03957,,25.0,8.98028,100.0,,1,1,1,0,1,1,0,0,1,0,1,0,0,0,0,0,0,1,0,0
AUT20,AUT20_EXP04,4,2,4.12237,,25.0,11.90561,100.0,,1,1,1,0,1,1,0,0,1,0,1,0,0,0,0,0,0,1,0,0
AUT20,AUT20_EXP04,4,2,5.06937,,25.0,15.03385,100.0,,1,1,1,0,1,1,0,0,1,0,1,0,0,0,0,0,0,1,0,0
AUT21,AUT21_EXP01,1,0,0.00038016,6.0,20.0,0.00307443,200.0,,0,1,1,0,1,0,0,0,1,1,0,0,0,0,0,1,0,0,0,0
AUT21,AUT21_EXP01,1,0,0.00162411,6.0,20.0,0.01680136,200.0,,0,1,1,0,1,0,0,0,1,1,0,0,0,0,0,1,0,0,0,0
AUT21,AUT21_EXP01,1,0,0.00238484,6.0,20.0,0.03896463,200.0,,0,1,1,0,1,0,0,0,1,1,0,0,0,0,0,1,0,0,0,0
AUT21,AUT21_EXP01,1,0,0.00336432,6.0,20.0,0.05783916,200.0,,0,1,1,0,1,0,0,0,1,1,0,0,0,0,0,1,0,0,0,0
AUT21,AUT21_EXP01,1,0,0.00341329,6.0,20.0,0.08086036,200.0,,0,1,1,0,1,0,0,0,1,1,0,0,0,0,0,1,0,0,0,0
AUT21,AUT21_EXP01,1,0,0.00370714,6.0,20.0,0.13119243,200.0,,0,1,1,0,1,0,0,0,1,1,0,0,0,0,0,1,0,0,0,0
AUT21,AUT21_EXP01,1,0,0.00341982,6.0,20.0,0.18316887,200.0,,0,1,1,0,1,0,0,0,1,1,0,0,0,0,0,1,0,0,0,0
AUT21,AUT21_EXP02,1,4,0.00026589,7.0,20.0,0.00228799,200.0,,0,1,1,0,1,0,0,0,1,1,0,0,0,0,0,1,0,0,0,0
AUT21,AUT21_EXP02,1,4,0.00170246,7.0,20.0,0.01408457,200.0,,0,1,1,0,1,0,0,0,1,1,0,0,0,0,0,1,0,0,0,0
AUT21,AUT21_EXP02,1,4,0.00314883,7.0,20.0,0.03253013,200.0,,0,1,1,0,1,0,0,0,1,1,0,0,0,0,0,1,0,0,0,0
AUT21,AUT21_EXP02,1,4,0.00310312,7.0,20.0,0.05547984,200.0,,0,1,1,0,1,0,0,0,1,1,0,0,0,0,0,1,0,0,0,0
AUT21,AUT21_EXP02,1,4,0.00425565,7.0,20.0,0.07406839,200.0,,0,1,1,0,1,0,0,0,1,1,0,0,0,0,0,1,0,0,0,0
AUT21,AUT21_EXP02,1,4,0.00400425,7.0,20.0,0.12146919,200.0,,0,1,1,0,1,0,0,0,1,1,0,0,0,0,0,1,0,0,0,0
AUT21,AUT21_EXP02,1,4,0.00466376,7.0,20.0,0.15921824,200.0,,0,1,1,0,1,0,0,0,1,1,0,0,0,0,0,1,0,0,0,0
AUT21,AUT21_EXP03,1,2,0.00048791,8.0,20.0,0.00164454,200.0,,0,1,1,0,1,0,0,0,1,1,0,0,0,0,0,1,0,0,0,0
AUT21,AUT21_EXP03,1,2,0.00192448,8.0,20.0,0.01172525,200.0,,0,1,1,0,1,0,0,0,1,1,0,0,0,0,0,1,0,0,0,0
AUT21,AUT21_EXP03,1,2,0.00316842,8.0,20.0,0.03059978,200.0,,0,1,1,0,1,0,0,0,1,1,0,0,0,0,0,1,0,0,0,0
AUT21,AUT21_EXP03,1,2,0.00354389,8.0,20.0,0.0534065,200.0,,0,1,1,0,1,0,0,0,1,1,0,0,0,0,0,1,0,0,0,0
AUT21,AUT21_EXP03,1,2,0.00404669,8.0,20.0,0.07449736,200.0,,0,1,1,0,1,0,0,0,1,1,0,0,0,0,0,1,0,0,0,0
AUT21,AUT21_EXP03,1,2,0.00477151,8.0,20.0,0.11810895,200.0,,0,1,1,0,1,0,0,0,1,1,0,0,0,0,0,1,0,0,0,0
AUT21,AUT21_EXP03,1,2,0.00449072,8.0,20.0,0.16329343,200.0,,0,1,1,0,1,0,0,0,1,1,0,0,0,0,0,1,0,0,0,0
AUT21,AUT21_EXP04,1,3,0.00031797,6.0,20.0,0.00241069,200.0,,0,1,1,0,1,0,0,0,1,0,0,1,0,0,0,1,0,0,0,0
AUT21,AUT21_EXP04,1,3,0.0024315,6.0,20.0,0.01317672,200.0,,0,1,1,0,1,0,0,0,1,0,0,1,0,0,0,1,0,0,0,0
AUT21,AUT21_EXP04,1,3,0.00498136,6.0,20.0,0.02635305,200.0,,0,1,1,0,1,0,0,0,1,0,0,1,0,0,0,1,0,0,0,0
AUT21,AUT21_EXP04,1,3,0.00888116,6.0,20.0,0.06074008,200.0,,0,1,1,0,1,0,0,0,1,0,0,1,0,0,0,1,0,0,0,0
AUT21,AUT21_EXP04,1,3,0.0132582,6.0,20.0,0.14799313,200.0,,0,1,1,0,1,0,0,0,1,0,0,1,0,0,0,1,0,0,0,0
AUT21,AUT21_EXP04,1,3,0.0140627,6.0,20.0,0.2437626,200.0,,0,1,1,0,1,0,0,0,1,0,0,1,0,0,0,1,0,0,0,0
AUT21,AUT21_EXP04,1,3,0.01455359,6.0,20.0,0.4430145,200.0,,0,1,1,0,1,0,0,0,1,0,0,1,0,0,0,1,0,0,0,0
AUT21,AUT21_EXP05,1,1,0.00042706,7.0,20.0,0.00112519,200.0,,0,1,1,0,1,0,0,0,1,0,0,1,0,0,0,1,0,0,0,0
AUT21,AUT21_EXP05,1,1,0.00294965,7.0,20.0,0.00851679,200.0,,0,1,1,0,1,0,0,0,1,0,0,1,0,0,0,1,0,0,0,0
AUT21,AUT21_EXP05,1,1,0.00562224,7.0,20.0,0.0183187,200.0,,0,1,1,0,1,0,0,0,1,0,0,1,0,0,0,1,0,0,0,0
AUT21,AUT21_EXP05,1,1,0.01013564,7.0,20.0,0.04226107,200.0,,0,1,1,0,1,0,0,0,1,0,0,1,0,0,0,1,0,0,0,0
AUT21,AUT21_EXP05,1,1,0.01567171,7.0,20.0,0.11183855,200.0,,0,1,1,0,1,0,0,0,1,0,0,1,0,0,0,1,0,0,0,0
AUT21,AUT21_EXP05,1,1,0.01749889,7.0,20.0,0.19218206,200.0,,0,1,1,0,1,0,0,0,1,0,0,1,0,0,0,1,0,0,0,0
AUT21,AUT21_EXP05,1,1,0.01871246,7.0,20.0,0.38131069,200.0,,0,1,1,0,1,0,0,0,1,0,0,1,0,0,0,1,0,0,0,0
AUT21,AUT21_EXP06,1,0,0.00039979,8.0,20.0,0.00144656,200.0,,0,1,1,0,1,0,0,0,1,0,0,1,0,0,0,1,0,0,0,0
AUT21,AUT21_EXP06,1,0,0.00300419,8.0,20.0,0.00610649,200.0,,0,1,1,0,1,0,0,0,1,0,0,1,0,0,0,1,0,0,0,0
AUT21,AUT21_EXP06,1,0,0.00564951,8.0,20.0,0.01558702,200.0,,0,1,1,0,1,0,0,0,1,0,0,1,0,0,0,1,0,0,0,0
AUT21,AUT21_EXP06,1,0,0.01099468,8.0,20.0,0.03422672,200.0,,0,1,1,0,1,0,0,0,1,0,0,1,0,0,0,1,0,0,0,0
AUT21,AUT21_EXP06,1,0,0.01749889,8.0,20.0,0.10171527,200.0,,0,1,1,0,1,0,0,0,1,0,0,1,0,0,0,1,0,0,0,0
AUT21,AUT21_EXP06,1,0,0.018767,8.0,20.0,0.1830229,200.0,,0,1,1,0,1,0,0,0,1,0,0,1,0,0,0,1,0,0,0,0
AUT21,AUT21_EXP06,1,0,0.02025329,8.0,20.0,0.34676298,200.0,,0,1,1,0,1,0,0,0,1,0,0,1,0,0,0,1,0,0,0,0
AUT22,AUT22_EXP01,2,0,0.01038,,,0.03977,200.0,0.5031,1,1,1,0,1,1,1,0,0,0,1,0,0,1,0,0,0,0,0,0
AUT22,AUT22_EXP01,2,0,0.45374,,,0.25988,200.0,0.5031,1,1,1,0,1,1,1,0,0,0,1,0,0,1,0,0,0,0,0,0
AUT22,AUT22_EXP01,2,0,1.01578,,,0.94467,200.0,0.5031,1,1,1,0,1,1,1,0,0,0,1,0,0,1,0,0,0,0,0,0
AUT22,AUT22_EXP01,2,0,1.63103,,,3.44537,200.0,0.5031,1,1,1,0,1,1,1,0,0,0,1,0,0,1,0,0,0,0,0,0
AUT22,AUT22_EXP01,2,0,1.79473,,,7.82925,200.0,0.5031,1,1,1,0,1,1,1,0,0,0,1,0,0,1,0,0,0,0,0,0
AUT22,AUT22_EXP01,2,0,1.91342,,,12.38433,200.0,0.5031,1,1,1,0,1,1,1,0,0,0,1,0,0,1,0,0,0,0,0,0
AUT22,AUT22_EXP02,2,1,0.04448,,,0.00308,200.0,0.7248,1,1,1,1,0,1,1,0,0,0,1,0,0,1,0,0,0,0,0,0
AUT22,AUT22_EXP02,2,1,0.48375,,,0.08868,200.0,0.7248,1,1,1,1,0,1,1,0,0,0,1,0,0,1,0,0,0,0,0,0
AUT22,AUT22_EXP02,2,1,1.19176,,,0.21096,200.0,0.7248,1,1,1,1,0,1,1,0,0,0,1,0,0,1,0,0,0,0,0,0
AUT22,AUT22_EXP02,2,1,1.8875,,,2.41819,200.0,0.7248,1,1,1,1,0,1,1,0,0,0,1,0,0,1,0,0,0,0,0,0
AUT22,AUT22_EXP02,2,1,2.15079,,,6.35573,200.0,0.7248,1,1,1,1,0,1,1,0,0,0,1,0,0,1,0,0,0,0,0,0
AUT22,AUT22_EXP02,2,1,2.25446,,,10.92915,200.0,0.7248,1,1,1,1,0,1,1,0,0,0,1,0,0,1,0,0,0,0,0,0
AUT22,AUT22_EXP03,2,2,0.0,,,0.0,200.0,0.3835,1,1,1,0,1,1,1,0,0,0,1,0,0,0,0,0,1,0,0,0
AUT22,AUT22_EXP03,2,2,0.24585,,,1.06032,200.0,0.3835,1,1,1,0,1,1,1,0,0,0,1,0,0,0,0,0,1,0,0,0
AUT22,AUT22_EXP03,2,2,0.55107,,,2.84501,200.0,0.3835,1,1,1,0,1,1,1,0,0,0,1,0,0,0,0,0,1,0,0,0
AUT22,AUT22_EXP03,2,2,0.68917,,,7.28723,200.0,0.3835,1,1,1,0,1,1,1,0,0,0,1,0,0,0,0,0,1,0,0,0
AUT22,AUT22_EXP03,2,2,0.78309,,,11.93987,200.0,0.3835,1,1,1,0,1,1,1,0,0,0,1,0,0,0,0,0,1,0,0,0
AUT22,AUT22_EXP03,2,2,0.8328,,,16.71721,200.0,0.3835,1,1,1,0,1,1,1,0,0,0,1,0,0,0,0,0,1,0,0,0
AUT22,AUT22_EXP04,2,3,0.01522,,,0.03939,200.0,0.5691,1,1,1,1,0,1,1,0,0,0,1,0,0,0,0,0,1,0,0,0
AUT22,AUT22_EXP04,2,3,0.29143,,,0.88107,200.0,0.5691,1,1,1,1,0,1,1,0,0,0,1,0,0,0,0,0,1,0,0,0
AUT22,AUT22_EXP04,2,3,0.63807,,,2.50989,200.0,0.5691,1,1,1,1,0,1,1,0,0,0,1,0,0,0,0,0,1,0,0,0
AUT22,AUT22_EXP04,2,3,0.88114,,,6.52348,200.0,0.5691,1,1,1,1,0,1,1,0,0,0,1,0,0,0,0,0,1,0,0,0
AUT22,AUT22_EXP04,2,3,0.91291,,,11.39434,200.0,0.5691,1,1,1,1,0,1,1,0,0,0,1,0,0,0,0,0,1,0,0,0
AUT22,AUT22_EXP04,2,3,0.99715,,,16.07816,200.0,0.5691,1,1,1,1,0,1,1,0,0,0,1,0,0,0,0,0,1,0,0,0
AUT23,AUT23_EXP01,2,2,0.10733,,25.0,0.82015,200.0,,1,1,1,0,1,1,0,0,1,1,0,0,1,0,0,0,0,0,0,0
AUT23,AUT23_EXP01,2,2,0.51767,,25.0,3.96471,200.0,,1,1,1,0,1,1,0,0,1,1,0,0,1,0,0,0,0,0,0,0
AUT23,AUT23_EXP01,2,2,0.68181,,25.0,8.70704,200.0,,1,1,1,0,1,1,0,0,1,1,0,0,1,0,0,0,0,0,0,0
AUT23,AUT23_EXP01,2,2,0.95811,,25.0,13.36439,200.0,,1,1,1,0,1,1,0,0,1,1,0,0,1,0,0,0,0,0,0,0
AUT23,AUT23_EXP01,2,2,1.27544,,25.0,18.90561,200.0,,1,1,1,0,1,1,0,0,1,1,0,0,1,0,0,0,0,0,0,0
AUT23,AUT23_EXP01,2,2,1.37802,,25.0,23.52896,200.0,,1,1,1,0,1,1,0,0,1,1,0,0,1,0,0,0,0,0,0,0
AUT23,AUT23_EXP02,2,3,0.06767,,25.0,0.96978,200.0,,1,1,1,0,1,1,0,0,1,1,0,0,1,0,0,0,0,0,0,0
AUT23,AUT23_EXP02,2,3,0.36995,,25.0,4.67526,200.0,,1,1,1,0,1,1,0,0,1,1,0,0,1,0,0,0,0,0,0,0
AUT23,AUT23_EXP02,2,3,0.47664,,25.0,9.48559,200.0,,1,1,1,0,1,1,0,0,1,1,0,0,1,0,0,0,0,0,0,0
AUT23,AUT23_EXP02,2,3,0.67497,,25.0,14.32991,200.0,,1,1,1,0,1,1,0,0,1,1,0,0,1,0,0,0,0,0,0,0
AUT23,AUT23_EXP02,2,3,0.89792,,25.0,19.15723,200.0,,1,1,1,0,1,1,0,0,1,1,0,0,1,0,0,0,0,0,0,0
AUT23,AUT23_EXP02,2,3,0.95947,,25.0,24.12053,200.0,,1,1,1,0,1,1,0,0,1,1,0,0,1,0,0,0,0,0,0,0
