regime,model,delta_r2_vs_random,delta_rmse_vs_random,delta_mae_vs_random
group_aut,elastic_net,-0.9176488337647434,-0.47267195040956866,0.011717203988988456
group_aut,lightgbm,-10.62531745106325,1.1433596167852507,0.7068749803194712
group_aut,mlp_regressor,-21745.450518474565,18.86234364669775,15.304471271687095
group_exp,elastic_net,0.003738731065382082,-0.11876445608343777,0.007386715169542035
group_exp,lightgbm,-0.14564054360419199,0.2062773588475587,0.12325147491906546
group_exp,mlp_regressor,-0.20910359792460353,0.4786351076019434,0.24479778631682464
leave_one_study_out,elastic_net,-1879.0960070589417,-0.8547168035389343,0.22850674868122722
leave_one_study_out,lightgbm,-158.01451350731756,0.6458249458622594,0.8727228306452337
leave_one_study_out,mlp_regressor,-206692.46055663435,3.5821730446951583,3.4881070988928116
